Concurso,Data,bola 1,bola 2,bola 3,bola 4,bola 5,bola 6,trevo 1,trevo 2
395,03/10/2026,8,18,21,27,28,44,3,5
394,30/09/2026,9,10,14,21,23,32,4,6
393,27/09/2026,2,15,17,26,29,32,4,5
392,23/09/2026,3,5,12,33,38,45,3,6
391,20/09/2026,4,10,27,40,44,47,3,5
390,16/09/2026,2,17,28,37,46,49,1,3
389,13/09/2026,2,14,17,21,42,46,4,6
388,09/09/2026,11,17,21,23,34,41,3,5
387,06/09/2026,14,26,27,28,43,46,2,6
386,02/09/2026,14,16,19,32,34,35,4,5
385,30/08/2026,10,12,13,16,33,50,3,4
384,26/08/2026,1,14,19,29,31,46,1,6
383,23/08/2026,3,4,16,18,39,45,1,3
382,19/08/2026,10,17,23,30,44,48,4,6
381,16/08/2026,23,32,33,38,45,46,3,5
380,12/08/2026,3,37,38,41,42,43,4,6
379,09/08/2026,4,7,14,28,38,47,2,6
378,05/08/2026,7,8,9,15,46,49,2,5
377,02/08/2026,1,14,15,21,30,47,4,6
376,29/07/2026,1,2,35,38,40,45,3,4
375,26/07/2026,2,6,15,19,25,29,3,4
374,22/07/2026,2,4,8,28,30,37,1,4
373,19/07/2026,10,17,19,37,40,50,2,3
372,15/07/2026,3,13,14,28,30,49,1,5
371,11/07/2026,5,13,35,40,42,49,2,3
370,08/07/2026,9,16,17,20,48,49,1,4
369,04/07/2026,4,6,20,22,26,41,1,2
368,01/07/2026,1,2,20,28,42,48,4,6
367,27/06/2026,6,20,29,38,45,48,1,6
366,25/06/2026,1,11,14,22,25,37,2,5
365,20/06/2026,4,6,10,27,32,44,2,6
364,17/06/2026,12,20,23,29,32,48,3,5
363,14/06/2026,7,12,22,25,36,38,3,4
362,10/06/2026,4,13,28,31,40,47,3,6
361,06/06/2026,10,21,22,31,33,35,1,2
360,03/06/2026,4,7,15,20,23,34,3,4
359,30/05/2026,1,8,10,12,22,30,1,6
358,27/05/2026,1,6,12,18,22,42,5,6
357,23/05/2026,7,8,10,23,38,42,1,2
356,20/05/2026,1,5,9,22,25,28,1,2
355,16/05/2026,6,7,10,30,40,47,1,5
354,13/05/2026,4,11,14,32,35,40,3,5
353,09/05/2026,8,19,24,27,35,36,2,5
352,06/05/2026,1,10,13,23,24,40,5,6
351,02/05/2026,5,8,23,29,34,42,5,6
350,29/04/2026,7,18,25,30,42,45,5,6
349,25/04/2026,12,15,21,36,37,41,2,6
348,22/04/2026,6,14,21,24,44,49,4,5
347,18/04/2026,3,6,25,28,31,48,2,5
346,15/04/2026,1,18,21,24,37,44,3,4
345,11/04/2026,19,20,25,27,38,41,1,4
344,08/04/2026,3,4,11,14,16,29,1,5
343,04/04/2026,1,16,17,26,34,50,1,4
342,01/04/2026,6,9,20,40,41,43,1,4
341,28/03/2026,1,18,21,38,41,50,2,5
340,25/03/2026,24,31,35,40,41,42,5,6
339,21/03/2026,15,27,32,40,41,42,4,6
338,18/03/2026,3,5,6,10,16,25,4,5
337,14/03/2026,3,18,27,29,34,43,2,4
336,11/03/2026,13,32,33,35,42,47,3,6
335,07/03/2026,1,4,15,16,41,50,2,5
334,04/03/2026,25,44,45,46,48,50,1,5
333,28/02/2026,1,20,28,37,40,43,2,6
332,25/02/2026,35,36,40,43,47,50,4,6
331,21/02/2026,4,12,18,23,39,44,1,4
330,18/02/2026,4,13,25,33,41,49,3,4
329,14/02/2026,12,13,15,22,23,49,2,6
328,11/02/2026,3,19,21,25,27,42,2,3
327,07/02/2026,4,7,12,25,28,46,1,2
326,04/02/2026,16,20,29,34,35,42,3,5
325,31/01/2026,13,14,19,21,26,41,4,5
324,28/01/2026,9,12,17,29,30,45,2,6
323,24/01/2026,8,11,12,15,37,38,1,5
322,21/01/2026,1,4,14,18,40,46,3,6
321,17/01/2026,1,9,22,31,32,45,3,4
320,14/01/2026,20,35,36,38,41,44,4,6
319,10/01/2026,11,18,26,29,30,37,1,3
318,07/01/2026,3,6,22,23,38,49,4,5
317,03/01/2026,8,23,28,40,49,50,1,2
316,01/01/2026,10,11,12,18,36,48,3,4
315,27/12/2025,5,7,11,12,20,29,2,4
314,24/12/2025,7,12,14,17,21,41,4,5
313,20/12/2025,9,11,22,33,34,49,2,3
312,17/12/2025,1,18,27,33,48,50,1,5
311,13/12/2025,19,29,32,38,42,50,2,4
310,10/12/2025,15,16,33,34,40,42,2,5
309,06/12/2025,1,8,15,30,37,47,2,6
308,03/12/2025,12,16,18,19,35,40,1,6
307,29/11/2025,1,10,13,14,28,31,1,4
306,26/11/2025,7,9,11,41,48,50,4,6
305,22/11/2025,4,10,16,34,40,47,2,4
304,19/11/2025,2,14,22,36,40,50,1,2
303,14/11/2025,11,12,13,25,39,49,4,5
302,12/11/2025,12,38,40,43,44,48,3,5
301,08/11/2025,2,4,7,10,11,29,1,6
300,05/11/2025,9,10,18,19,20,38,1,4
299,01/11/2025,14,20,24,25,35,39,2,3
298,29/10/2025,2,9,10,28,35,36,2,6
297,25/10/2025,1,8,10,37,40,45,2,6
296,22/10/2025,14,17,22,24,30,38,1,3
295,18/10/2025,2,12,24,26,28,29,1,3
294,15/10/2025,3,9,19,21,36,49,3,4
293,11/10/2025,4,21,29,33,39,42,1,4
292,08/10/2025,10,15,23,29,38,42,1,4
291,04/10/2025,14,15,19,22,30,31,3,4
290,01/10/2025,4,20,29,31,36,46,2,6
289,27/09/2025,12,16,23,29,37,38,3,5
288,24/09/2025,14,17,27,33,42,50,3,4
287,20/09/2025,2,9,10,12,18,48,3,5
286,17/09/2025,15,19,20,30,35,45,3,6
285,13/09/2025,7,10,29,34,39,40,3,4
284,10/09/2025,4,5,6,30,38,45,2,4
283,06/09/2025,8,13,17,22,45,47,3,5
282,03/09/2025,10,12,17,21,41,50,3,5
281,30/08/2025,3,5,18,19,29,43,1,4
280,27/08/2025,18,22,25,29,37,49,1,4
279,23/08/2025,1,3,4,7,27,32,1,3
278,20/08/2025,4,18,36,38,45,49,2,3
277,16/08/2025,7,10,35,42,43,47,4,5
276,13/08/2025,12,16,28,35,39,46,2,5
275,09/08/2025,4,17,19,22,25,36,4,5
274,06/08/2025,1,2,22,24,25,33,1,6
273,02/08/2025,5,8,10,30,37,38,3,6
272,30/07/2025,5,7,18,19,32,48,1,2
271,26/07/2025,22,27,32,33,35,41,5,6
270,23/07/2025,15,18,20,23,27,31,1,4
269,19/07/2025,19,20,23,24,26,35,2,5
268,16/07/2025,1,4,5,16,36,41,1,3
267,12/07/2025,21,25,30,33,41,47,2,3
266,09/07/2025,2,9,12,24,44,45,3,6
265,05/07/2025,5,16,27,29,31,38,1,2
264,02/07/2025,23,25,37,41,43,50,4,5
263,28/06/2025,21,22,26,37,39,40,1,6
262,25/06/2025,5,24,32,35,46,50,2,4
261,21/06/2025,17,21,25,28,31,41,4,6
260,18/06/2025,1,3,7,18,24,43,1,3
259,14/06/2025,3,8,16,34,41,46,3,5
258,11/06/2025,4,16,20,25,44,47,2,4
257,07/06/2025,5,15,33,34,39,44,1,2
256,04/06/2025,3,19,25,33,34,37,2,5
255,31/05/2025,1,2,4,7,9,33,3,4
254,28/05/2025,4,15,16,29,38,40,5,6
253,24/05/2025,8,18,36,44,46,48,4,6
252,21/05/2025,6,10,35,38,39,46,3,6
251,17/05/2025,6,7,8,11,19,38,2,3
250,14/05/2025,19,39,40,42,45,47,2,5
249,10/05/2025,31,41,43,45,47,50,2,6
248,07/05/2025,18,30,37,40,43,44,1,3
247,03/05/2025,3,15,22,35,45,47,5,6
246,30/04/2025,6,17,29,40,48,50,2,3
245,26/04/2025,5,16,25,30,40,50,1,5
244,23/04/2025,7,12,13,24,32,42,1,2
243,19/04/2025,3,5,18,20,39,43,4,6
242,16/04/2025,6,12,13,14,35,40,2,3
241,12/04/2025,5,16,27,46,48,50,2,6
240,09/04/2025,10,13,15,16,30,48,3,6
239,05/04/2025,5,8,9,17,19,35,2,4
238,02/04/2025,3,12,16,21,23,35,1,5
237,29/03/2025,2,13,16,23,45,48,5,6
236,26/03/2025,1,25,27,30,36,38,3,6
235,22/03/2025,8,9,15,20,24,40,1,6
234,19/03/2025,9,14,29,33,36,41,3,6
233,15/03/2025,2,12,15,18,26,29,2,6
232,12/03/2025,4,5,21,25,26,48,2,3
231,08/03/2025,6,12,30,35,36,47,1,5
230,05/03/2025,13,14,24,34,35,39,1,6
229,01/03/2025,5,9,20,37,44,47,1,2
228,26/02/2025,3,8,13,19,31,50,3,4
227,22/02/2025,2,21,25,37,44,46,1,2
226,19/02/2025,5,22,24,30,36,39,4,5
225,15/02/2025,12,20,21,34,44,45,1,5
224,12/02/2025,5,15,25,26,30,44,1,4
223,08/02/2025,1,6,14,15,20,40,3,5
222,05/02/2025,12,18,39,40,48,49,3,5
221,01/02/2025,5,17,22,30,34,36,5,6
220,29/01/2025,5,21,22,29,36,39,1,3
219,25/01/2025,12,13,23,38,39,45,4,6
218,22/01/2025,10,11,24,35,42,47,3,6
217,18/01/2025,3,24,26,31,35,40,4,5
216,15/01/2025,7,18,25,27,33,40,4,5
215,11/01/2025,21,27,32,38,41,48,2,5
214,08/01/2025,7,8,24,28,30,46,2,4
213,04/01/2025,10,14,15,35,40,50,2,4
212,02/01/2025,25,32,39,42,46,50,2,4
211,28/12/2024,16,18,22,33,40,44,5,6
210,26/12/2024,10,11,26,33,43,47,2,3
209,21/12/2024,6,29,37,41,42,47,1,2
208,18/12/2024,1,2,3,12,18,25,1,6
207,14/12/2024,1,13,24,32,33,44,1,5
206,11/12/2024,6,26,36,41,44,45,1,6
205,07/12/2024,19,21,24,35,38,41,3,5
204,04/12/2024,7,9,11,15,17,42,2,5
203,30/11/2024,1,27,33,41,44,48,1,5
202,27/11/2024,2,6,11,17,36,46,3,4
201,23/11/2024,9,13,18,20,40,48,1,6
200,21/11/2024,5,7,10,22,28,39,3,5
199,16/11/2024,6,10,21,31,36,38,4,5
198,13/11/2024,3,7,18,19,22,41,2,4
197,09/11/2024,10,26,27,34,41,49,1,2
196,06/11/2024,1,13,21,25,35,39,4,5
195,01/11/2024,17,24,42,45,49,50,5,6
194,30/10/2024,6,8,16,32,41,47,3,4
193,26/10/2024,2,9,20,35,37,46,2,4
192,23/10/2024,1,2,27,36,39,46,1,4
191,19/10/2024,4,8,27,38,42,46,4,6
190,16/10/2024,19,28,31,37,38,40,3,5
189,11/10/2024,28,29,31,41,46,48,4,5
188,09/10/2024,1,9,23,30,47,50,3,5
187,05/10/2024,14,19,25,39,42,43,2,3
186,02/10/2024,3,15,16,21,25,47,1,3
185,28/09/2024,11,30,35,42,45,50,1,4
184,25/09/2024,5,8,10,22,25,39,1,2
183,21/09/2024,19,20,26,34,35,44,2,5
182,18/09/2024,1,11,18,29,38,50,1,3
181,14/09/2024,2,10,23,27,30,31,1,6
180,11/09/2024,4,15,26,36,39,41,2,4
179,06/09/2024,4,5,15,25,28,35,2,6
178,04/09/2024,9,21,30,36,37,47,1,2
177,31/08/2024,1,2,5,8,11,31,2,4
176,28/08/2024,11,12,21,22,23,38,2,6
175,24/08/2024,14,21,29,36,40,41,2,5
174,21/08/2024,9,14,18,38,40,47,3,4
173,17/08/2024,16,26,32,33,49,50,2,4
172,14/08/2024,5,24,36,37,41,49,3,5
171,10/08/2024,7,10,11,27,41,47,3,6
170,07/08/2024,9,10,19,39,43,44,1,2
169,03/08/2024,9,19,20,21,25,27,3,5
168,31/07/2024,2,14,15,28,32,33,1,5
167,27/07/2024,11,14,24,37,45,48,1,2
166,24/07/2024,10,19,20,42,43,44,3,4
165,20/07/2024,3,7,37,38,41,48,1,5
164,17/07/2024,10,11,14,21,22,50,2,5
163,13/07/2024,12,14,17,34,46,50,1,2
162,10/07/2024,12,15,16,37,38,50,3,6
161,06/07/2024,6,11,24,28,39,48,2,4
160,03/07/2024,10,11,12,27,32,45,2,4
159,29/06/2024,16,21,24,30,33,41,3,6
158,26/06/2024,5,15,16,39,44,48,1,6
157,22/06/2024,13,22,40,43,46,50,4,6
156,19/06/2024,23,27,28,35,40,46,1,6
155,15/06/2024,3,6,7,17,23,31,3,4
154,12/06/2024,13,14,16,23,40,41,2,4
153,08/06/2024,9,10,13,20,34,50,1,6
152,05/06/2024,18,21,31,32,34,36,1,3
151,01/06/2024,1,12,21,22,36,37,1,5
150,29/05/2024,22,28,29,31,39,40,2,6
149,25/05/2024,12,15,29,30,46,50,1,5
148,22/05/2024,5,26,28,35,47,48,5,6
147,18/05/2024,5,10,16,28,45,49,1,6
146,15/05/2024,5,19,24,28,30,37,5,6
145,11/05/2024,10,11,13,17,18,37,1,5
144,08/05/2024,15,18,19,24,33,38,2,3
143,04/05/2024,21,22,30,32,44,50,4,6
142,27/04/2024,11,12,23,32,40,43,3,4
141,24/04/2024,2,20,21,30,40,44,3,6
140,20/04/2024,6,7,14,20,40,44,1,4
139,17/04/2024,3,8,25,27,41,43,2,5
138,13/04/2024,15,31,39,42,44,45,4,5
137,10/04/2024,1,9,21,22,27,40,1,4
136,06/04/2024,15,18,20,21,22,37,3,5
135,03/04/2024,6,8,19,32,34,41,3,5
134,30/03/2024,4,7,10,11,20,26,2,5
133,27/03/2024,10,21,24,30,46,49,1,4
132,23/03/2024,3,25,34,38,45,46,5,6
131,20/03/2024,21,22,24,29,36,37,2,6
130,16/03/2024,5,6,11,26,31,47,1,2
129,13/03/2024,5,7,14,27,29,39,2,4
128,09/03/2024,5,15,33,40,42,50,1,2
127,06/03/2024,1,4,11,24,40,46,1,6
126,02/03/2024,4,7,28,29,31,47,1,3
125,28/02/2024,24,33,38,41,42,43,2,6
124,24/02/2024,1,13,17,24,44,47,1,2
123,21/02/2024,9,15,25,28,32,34,2,5
122,17/02/2024,4,15,18,31,32,50,2,5
121,14/02/2024,1,2,19,26,30,49,1,3
120,10/02/2024,1,4,10,26,32,34,3,4
119,07/02/2024,9,22,39,40,41,45,4,6
118,03/02/2024,14,25,36,37,38,41,4,6
117,31/01/2024,4,5,11,25,27,38,1,2
116,27/01/2024,4,14,30,35,41,50,2,5
115,24/01/2024,7,8,16,25,26,48,3,6
114,20/01/2024,3,11,20,36,47,50,3,6
113,17/01/2024,16,27,33,37,40,42,2,3
112,13/01/2024,9,21,26,38,40,50,3,6
111,10/01/2024,3,15,23,24,26,50,1,3
110,06/01/2024,1,22,25,30,36,42,1,6
109,03/01/2024,2,24,26,29,35,43,1,5
108,30/12/2023,15,31,33,35,36,44,1,6
107,27/12/2023,10,15,16,26,33,40,3,6
106,23/12/2023,21,22,37,42,46,50,3,4
105,20/12/2023,5,7,22,32,36,45,2,5
104,16/12/2023,4,17,33,38,39,47,3,4
103,13/12/2023,2,4,11,29,32,40,4,6
102,09/12/2023,10,12,15,16,29,41,3,5
101,06/12/2023,2,25,31,37,44,49,1,6
100,02/12/2023,11,21,32,36,37,42,4,6
99,29/11/2023,5,8,20,23,33,40,1,4
98,25/11/2023,15,18,23,35,47,50,3,5
97,22/11/2023,2,6,17,19,30,34,1,6
96,18/11/2023,5,13,15,22,34,41,2,5
95,16/11/2023,9,18,23,30,38,43,2,3
94,11/11/2023,7,20,21,24,26,50,3,6
93,08/11/2023,11,13,19,32,38,50,1,5
92,04/11/2023,5,8,20,33,45,49,3,4
91,01/11/2023,1,6,13,20,29,39,2,4
90,28/10/2023,11,17,30,42,44,50,1,4
89,25/10/2023,2,6,9,21,23,41,3,6
88,21/10/2023,2,21,30,36,42,44,2,3
87,18/10/2023,2,3,6,12,44,49,4,5
86,14/10/2023,2,3,9,11,22,45,1,6
85,11/10/2023,2,10,19,36,40,48,1,3
84,07/10/2023,24,27,35,42,44,46,1,5
83,04/10/2023,1,15,27,31,37,41,2,6
82,30/09/2023,12,13,18,21,27,34,2,3
81,27/09/2023,4,6,15,38,49,50,3,4
80,23/09/2023,22,27,31,32,41,47,2,3
79,20/09/2023,4,11,15,18,26,28,2,3
78,16/09/2023,5,11,12,30,41,49,2,4
77,13/09/2023,21,22,25,31,41,48,5,6
76,09/09/2023,8,16,23,38,42,49,1,3
75,06/09/2023,4,10,11,19,26,31,1,3
74,02/09/2023,2,13,30,32,33,41,2,6
73,30/08/2023,6,17,27,31,40,41,2,5
72,26/08/2023,6,7,25,35,41,48,2,6
71,23/08/2023,4,14,23,38,45,47,4,6
70,19/08/2023,1,2,16,32,37,39,3,6
69,16/08/2023,2,9,41,43,44,46,3,5
68,12/08/2023,4,15,24,29,38,41,3,4
67,09/08/2023,1,8,10,20,28,39,4,5
66,05/08/2023,2,17,20,28,46,50,1,2
65,02/08/2023,9,11,15,23,31,43,2,5
64,29/07/2023,13,18,21,33,42,49,1,4
63,26/07/2023,22,24,28,32,43,46,1,3
62,22/07/2023,4,25,29,35,44,47,1,5
61,19/07/2023,6,14,15,23,25,45,4,5
60,15/07/2023,4,7,17,27,36,41,4,5
59,08/07/2023,9,16,21,22,34,48,1,2
58,01/07/2023,3,18,21,26,28,31,3,5
57,24/06/2023,8,16,26,40,44,50,2,6
56,17/06/2023,1,14,27,28,44,46,3,4
55,10/06/2023,17,25,36,40,46,50,1,5
54,03/06/2023,8,11,13,21,38,39,2,6
53,27/05/2023,2,16,23,33,35,44,1,6
52,20/05/2023,24,29,31,36,49,50,4,6
51,13/05/2023,14,17,18,34,46,50,3,5
50,06/05/2023,12,21,24,26,35,49,1,6
49,29/04/2023,4,13,21,30,36,48,2,3
48,22/04/2023,10,36,38,39,46,49,1,3
47,15/04/2023,12,15,26,31,39,43,4,6
46,08/04/2023,2,11,16,17,29,46,2,5
45,01/04/2023,7,20,22,25,43,45,2,5
44,25/03/2023,1,9,12,29,32,36,2,6
43,18/03/2023,3,6,8,11,14,33,4,5
42,11/03/2023,2,9,14,25,33,44,3,6
41,04/03/2023,5,16,18,40,42,44,1,4
40,25/02/2023,2,12,22,30,33,48,2,3
39,18/02/2023,2,3,11,16,17,46,2,3
38,11/02/2023,7,14,15,16,18,23,2,3
37,04/02/2023,8,16,20,25,45,46,3,4
36,28/01/2023,2,8,9,15,28,32,1,4
35,21/01/2023,1,2,16,28,33,42,2,4
34,14/01/2023,3,6,8,36,49,50,1,6
33,07/01/2023,1,3,6,13,21,32,4,5
32,31/12/2022,12,23,30,36,45,46,2,6
31,24/12/2022,14,15,29,32,41,50,3,5
30,17/12/2022,2,24,31,39,46,47,1,2
29,10/12/2022,12,22,30,33,43,44,2,5
28,03/12/2022,2,7,29,40,41,50,2,6
27,26/11/2022,3,16,17,21,23,37,1,4
26,19/11/2022,5,12,26,31,34,50,5,6
25,12/11/2022,10,14,21,31,39,42,3,6
24,05/11/2022,22,29,31,32,36,45,5,6
23,29/10/2022,4,5,11,27,34,50,1,5
22,22/10/2022,5,22,28,46,47,48,3,4
21,15/10/2022,4,26,27,29,34,35,5,6
20,08/10/2022,4,8,10,11,22,25,5,6
19,01/10/2022,6,19,33,34,39,47,3,5
18,24/09/2022,10,18,20,39,42,49,3,4
17,17/09/2022,3,17,25,46,48,50,1,3
16,10/09/2022,3,11,13,23,33,47,2,5
15,03/09/2022,3,35,37,39,41,50,4,6
14,27/08/2022,12,13,42,46,48,49,1,3
13,20/08/2022,14,31,39,44,45,46,1,2
12,13/08/2022,6,20,24,26,31,50,1,5
11,06/08/2022,4,13,15,31,39,45,2,4
10,30/07/2022,4,6,10,42,47,48,2,5
9,23/07/2022,6,11,12,14,15,18,3,4
8,16/07/2022,1,4,5,16,38,50,1,3
7,09/07/2022,9,12,35,44,47,48,1,5
6,02/07/2022,1,19,22,32,39,45,1,5
5,25/06/2022,6,16,21,24,26,45,2,5
4,18/06/2022,6,23,25,33,34,47,1,2
3,11/06/2022,1,9,17,30,31,44,1,4
2,04/06/2022,13,16,35,41,42,47,2,6
1,28/05/2022,1,3,7,15,23,44,2,4
