concurso;data;b1;b2;b3;b4;b5;b6
2578;29/03/2023;47;59;60;37;50;39
2577;25/03/2023;31;44;22;12;50;18
2576;22/03/2023;32;29;43;35;38;33
2575;18/03/2023;46;4;53;14;12;41
2574;16/03/2023;12;43;48;60;44;17
2573;14/03/2023;37;6;49;26;32;35
2572;11/03/2023;24;22;3;15;7;50
2571;08/03/2023;18;51;38;33;9;41
2570;04/03/2023;18;26;27;47;50;8
2569;01/03/2023;6;7;28;31;25;52
2568;25/02/2023;22;29;49;35;16;38
2567;23/02/2023;33;10;60;58;11;19
2566;18/02/2023;53;23;45;57;11;59
2565;16/02/2023;54;13;25;39;9;46
2564;14/02/2023;19;14;8;45;32;7
2563;11/02/2023;5;50;30;14;9;38
2562;08/02/2023;44;32;57;12;51;6
2561;04/02/2023;22;44;56;51;37;19
2560;01/02/2023;52;48;5;20;17;4
2559;28/01/2023;12;32;35;20;9;30
2558;25/01/2023;10;25;34;2;18;44
2557;21/01/2023;13;3;27;25;16;33
2556;18/01/2023;34;10;14;2;6;56
2555;14/01/2023;45;58;3;20;52;53
2554;12/01/2023;43;19;25;44;48;49
2553;10/01/2023;58;54;15;55;13;53
2552;07/01/2023;24;38;41;5;33;25
2551;04/01/2023;25;43;46;48;1;29
2550;31/12/2022;59;34;4;58;10;5
2549;17/12/2022;30;10;33;1;6;35
2548;14/12/2022;25;23;29;30;9;15
2547;10/12/2022;37;10;38;25;31;57
2546;07/12/2022;34;3;48;28;23;38
2545;03/12/2022;57;36;32;39;20;23
2544;30/11/2022;25;56;55;38;45;53
2543;26/11/2022;46;5;53;2;27;30
2542;24/11/2022;25;22;12;26;55;20
2541;22/11/2022;47;45;28;59;10;57
2540;19/11/2022;28;8;49;34;41;2
2539;16/11/2022;59;36;23;1;33;32
2538;12/11/2022;33;15;6;52;20;19
2537;09/11/2022;24;26;48;37;12;31
2536;05/11/2022;45;9;27;30;33;22
2535;03/11/2022;24;56;1;3;51;37
2534;29/10/2022;36;56;60;28;44;39
2533;26/10/2022;53;20;17;37;45;18
2532;22/10/2022;17;14;30;10;18;23
2531;20/10/2022;18;56;1;5;49;55
2530;18/10/2022;14;28;17;18;30;44
2529;15/10/2022;5;57;56;59;32;3
2528;13/10/2022;15;60;22;53;56;4
2527;08/10/2022;48;56;19;38;29;8
2526;05/10/2022;2;59;24;38;16;43
2525;01/10/2022;51;47;21;26;13;4
2524;28/09/2022;22;37;3;41;43;20
2523;24/09/2022;37;45;1;27;10;36
2522;21/09/2022;32;4;25;39;40;5
2521;17/09/2022;59;23;28;55;33;38
2520;15/09/2022;22;41;2;17;60;58
2519;13/09/2022;20;8;3;36;57;38
2518;10/09/2022;22;23;44;3;60;53
2517;08/09/2022;6;1;22;16;5;39
2516;03/09/2022;49;17;53;51;8;52
2515;31/08/2022;54;3;41;12;45;19
2514;27/08/2022;5;15;52;34;45;24
2513;24/08/2022;50;21;13;46;35;19
2512;20/08/2022;47;52;10;49;34;7
2511;17/08/2022;49;39;4;15;41;10
2510;13/08/2022;25;32;13;57;8;44
2509;10/08/2022;50;8;37;59;39;60
2508;06/08/2022;51;45;41;53;58;48
2507;04/08/2022;4;34;6;35;12;53
2506;02/08/2022;21;44;40;34;22;29
2505;30/07/2022;43;26;5;51;3;19
2504;27/07/2022;42;14;41;55;44;33
2503;23/07/2022;45;43;14;16;38;3
2502;20/07/2022;39;21;16;44;20;55
2501;16/07/2022;58;32;11;27;59;40
2500;13/07/2022;32;55;25;16;5;39
2499;09/07/2022;38;11;56;59;47;19
2498;06/07/2022;26;47;9;29;46;12
2497;02/07/2022;14;5;48;52;46;23
2496;30/06/2022;46;31;26;58;38;7
2495;28/06/2022;33;41;8;12;30;14
2494;25/06/2022;22;1;54;4;10;53
2493;22/06/2022;44;4;56;9;37;43
2492;18/06/2022;33;10;52;31;42;30
2491;15/06/2022;53;48;29;43;38;22
2490;11/06/2022;11;16;41;17;46;59
2489;08/06/2022;13;10;41;25;42;3
2488;04/06/2022;40;34;57;31;17;56
2487;02/06/2022;54;42;48;36;23;58
2486;31/05/2022;19;8;9;33;17;56
2485;28/05/2022;60;12;38;47;5;32
2484;25/05/2022;59;36;41;54;14;11
2483;21/05/2022;54;49;34;38;40;20
2482;18/05/2022;32;1;57;44;35;45
2481;14/05/2022;1;37;36;21;8;27
2480;11/05/2022;31;56;6;4;50;9
2479;07/05/2022;21;10;35;20;17;15
2478;04/05/2022;2;23;28;46;17;39
2477;30/04/2022;20;49;33;37;50;38
2476;28/04/2022;46;49;2;55;7;32
2475;26/04/2022;60;45;1;44;58;40
2474;23/04/2022;38;30;22;49;56;39
2473;20/04/2022;55;15;28;60;42;18
2472;16/04/2022;18;5;13;23;36;35
2471;13/04/2022;30;8;23;29;55;36
2470;09/04/2022;51;8;48;42;33;40
2469;06/04/2022;5;55;38;30;28;52
2468;02/04/2022;22;41;53;42;35;57
2467;30/03/2022;1;10;45;19;35;34
2466;26/03/2022;54;53;20;2;13;3
2465;23/03/2022;29;54;53;8;3;23
2464;19/03/2022;2;43;7;52;24;56
2463;16/03/2022;11;31;16;42;51;37
2462;12/03/2022;3;16;57;23;45;41
2461;09/03/2022;37;32;21;11;16;8
2460;05/03/2022;35;18;28;17;16;47
2459;03/03/2022;33;49;15;59;24;53
2458;26/02/2022;44;47;15;40;51;45
2457;24/02/2022;50;49;19;47;10;46
2456;22/02/2022;52;41;28;55;40;34
2455;19/02/2022;59;53;38;21;50;56
2454;16/02/2022;14;44;22;9;24;47
2453;12/02/2022;44;24;10;34;14;15
2452;09/02/2022;56;57;8;10;51;58
2451;05/02/2022;13;51;26;60;31;46
2450;02/02/2022;17;39;11;6;15;2
2449;29/01/2022;14;49;52;31;20;21
2448;27/01/2022;32;48;30;40;35;18
2447;25/01/2022;52;13;19;42;49;29
2446;22/01/2022;13;58;51;27;1;41
2445;19/01/2022;25;32;47;11;37;56
2444;15/01/2022;17;43;20;35;37;15
2443;12/01/2022;31;1;12;13;5;17
2442;08/01/2022;49;9;7;2;41;25
2441;05/01/2022;42;9;41;54;46;47
2440;31/12/2021;46;32;15;12;23;33
2439;18/12/2021;47;38;2;34;51;8
2438;15/12/2021;37;11;55;25;4;19
2437;11/12/2021;41;19;55;1;46;48
2436;09/12/2021;38;54;32;15;5;28
2435;07/12/2021;32;30;36;33;22;5
2434;04/12/2021;28;14;40;2;51;1
2433;01/12/2021;8;53;9;57;32;52
2432;27/11/2021;52;44;29;38;7;40
2431;24/11/2021;11;36;26;25;8;22
2430;20/11/2021;26;19;46;56;45;39
2429;17/11/2021;60;11;56;37;53;55
2428;13/11/2021;25;3;28;29;9;39
2427;10/11/2021;56;3;19;25;37;44
2426;06/11/2021;57;27;24;11;32;5
2425;03/11/2021;46;38;31;10;54;49
2424;30/10/2021;17;3;38;53;16;37
2423;27/10/2021;51;18;48;60;38;16
2422;23/10/2021;7;30;2;46;10;20
2421;21/10/2021;32;48;35;57;2;3
2420;19/10/2021;8;44;60;5;39;29
2419;16/10/2021;10;53;43;48;35;50
2418;13/10/2021;19;57;27;11;60;2
2417;09/10/2021;3;11;27;46;7;10
2416;06/10/2021;6;37;57;26;11;7
2415;02/10/2021;29;12;60;26;35;10
2414;30/09/2021;4;14;29;6;5;38
2413;28/09/2021;48;37;22;3;40;41
2412;25/09/2021;16;60;36;34;9;49
2411;22/09/2021;7;26;43;44;34;29
2410;18/09/2021;10;59;35;43;7;27
2409;15/09/2021;58;39;49;2;52;29
2408;11/09/2021;29;38;57;4;30;43
2407;08/09/2021;17;43;31;13;55;54
2406;04/09/2021;29;43;12;8;54;60
2405;01/09/2021;21;38;59;53;49;48
2404;28/08/2021;19;35;1;40;47;54
2403;25/08/2021;32;12;14;34;33;10
2402;21/08/2021;60;29;6;30;25;22
2401;18/08/2021;8;38;13;33;11;48
2400;14/08/2021;9;26;36;25;21;53
2399;12/08/2021;52;42;35;27;51;44
2398;10/08/2021;36;59;17;30;8;54
2397;07/08/2021;6;14;48;46;20;39
2396;04/08/2021;3;25;2;49;42;39
2395;31/07/2021;44;11;4;45;57;12
2394;28/07/2021;42;44;5;25;36;16
2393;24/07/2021;32;28;38;51;27;26
2392;21/07/2021;53;34;25;15;23;11
2391;17/07/2021;5;8;13;27;50;36
2390;14/07/2021;20;13;9;56;32;22
2389;10/07/2021;39;30;16;51;37;40
2388;07/07/2021;8;37;45;48;33;30
2387;03/07/2021;38;26;30;8;31;48
2386;01/07/2021;35;13;11;50;49;16
2385;29/06/2021;32;12;43;37;24;60
2384;26/06/2021;25;26;9;13;22;31
2383;23/06/2021;41;16;40;20;15;13
2382;19/06/2021;53;6;19;9;38;55
2381;16/06/2021;47;41;32;7;23;42
2380;12/06/2021;53;39;11;16;20;24
2379;09/06/2021;26;32;56;2;8;46
2378;05/06/2021;37;49;41;54;11;38
2377;02/06/2021;35;5;44;18;43;29
2376;29/05/2021;22;12;17;18;19;14
2375;26/05/2021;58;6;46;53;44;2
2374;22/05/2021;25;37;39;13;41;12
2373;19/05/2021;44;26;23;49;60;24
2372;15/05/2021;19;25;44;46;3;57
2371;12/05/2021;30;48;36;4;39;15
2370;08/05/2021;56;31;37;7;44;42
2369;06/05/2021;60;9;19;4;17;37
2368;04/05/2021;13;7;36;25;58;4
2367;30/04/2021;29;5;23;34;53;60
2366;28/04/2021;33;41;38;27;4;35
2365;24/04/2021;44;50;17;28;37;1
2364;22/04/2021;42;56;33;20;51;44
2363;17/04/2021;34;6;58;39;14;24
2362;14/04/2021;35;22;32;20;50;3
2361;10/04/2021;46;21;35;29;14;22
2360;08/04/2021;15;21;24;45;29;10
2359;06/04/2021;39;42;43;51;31;32
2358;03/04/2021;5;43;16;11;9;57
2357;31/03/2021;28;34;51;19;40;30
2356;27/03/2021;51;36;3;58;10;25
2355;24/03/2021;31;7;30;41;56;50
2354;20/03/2021;18;54;25;6;30;42
2353;17/03/2021;19;3;34;53;48;41
2352;13/03/2021;17;55;9;41;38;49
2351;10/03/2021;35;49;19;22;47;41
2350;06/03/2021;45;28;34;29;25;41
2349;03/03/2021;54;25;5;10;49;32
2348;27/02/2021;2;3;51;48;54;7
2347;24/02/2021;17;58;9;60;30;8
2346;20/02/2021;4;58;3;40;11;42
2345;17/02/2021;16;22;7;55;19;28
2344;13/02/2021;38;11;52;57;17;25
2343;10/02/2021;56;49;31;4;45;42
2342;06/02/2021;20;24;17;27;40;60
2341;03/02/2021;9;46;4;32;31;42
2340;30/01/2021;49;41;16;51;28;21
2339;28/01/2021;4;48;59;29;47;18
2338;26/01/2021;21;8;34;47;42;23
2337;23/01/2021;2;51;49;9;34;55
2336;20/01/2021;20;27;50;8;10;28
2335;16/01/2021;18;42;49;47;9;23
2334;13/01/2021;22;4;20;25;13;60
2333;09/01/2021;41;53;55;9;16;31
2332;06/01/2021;12;33;44;52;35;36
2331;02/01/2021;53;16;11;57;13;36
2330;31/12/2020;22;35;17;41;20;42
2329;19/12/2020;42;28;45;14;12;55
2328;16/12/2020;11;8;39;14;48;53
2327;12/12/2020;54;45;30;57;37;58
2326;10/12/2020;27;36;34;16;57;10
2325;08/12/2020;33;37;60;34;46;52
2324;05/12/2020;31;2;43;19;60;16
2323;02/12/2020;35;27;39;20;50;59
2322;28/11/2020;5;10;2;29;34;41
2321;25/11/2020;41;43;25;28;14;46
2320;21/11/2020;30;6;35;48;39;42
2319;18/11/2020;17;25;6;35;49;40
2318;14/11/2020;54;58;52;28;44;60
2317;11/11/2020;35;48;30;33;3;8
2316;07/11/2020;49;11;56;43;52;2
2315;04/11/2020;10;17;1;26;30;53
2314;31/10/2020;28;6;7;42;45;49
2313;28/10/2020;45;3;58;26;20;49
2312;24/10/2020;60;39;3;46;47;27
2311;22/10/2020;60;9;35;43;5;3
2310;20/10/2020;13;42;17;28;53;29
2309;17/10/2020;33;60;11;29;9;30
2308;14/10/2020;26;9;58;38;60;13
2307;10/10/2020;38;53;46;55;33;16
2306;07/10/2020;28;58;19;3;57;33
2305;03/10/2020;57;55;38;7;16;22
2304;30/09/2020;12;54;57;21;29;56
2303;26/09/2020;17;50;48;20;3;7
2302;23/09/2020;44;43;25;18;27;22
2301;19/09/2020;18;36;47;52;35;17
2300;17/09/2020;37;39;21;9;54;43
2299;15/09/2020;3;40;19;60;2;44
2298;12/09/2020;13;21;49;41;17;31
2297;09/09/2020;20;22;41;59;35;40
2296;05/09/2020;29;6;36;59;21;1
2295;02/09/2020;28;6;41;26;35;13
2294;29/08/2020;9;43;20;41;33;15
2293;26/08/2020;1;48;42;10;2;37
2292;22/08/2020;18;57;6;33;42;16
2291;19/08/2020;37;31;26;12;36;49
2290;15/08/2020;60;36;5;57;44;18
2289;13/08/2020;6;34;37;38;45;9
2288;11/08/2020;35;39;2;26;56;40
2287;08/08/2020;29;4;2;41;6;56
2286;05/08/2020;42;43;41;9;21;30
2285;01/08/2020;12;10;33;7;42;1
2284;29/07/2020;46;36;12;10;4;14
2283;25/07/2020;24;4;37;43;59;60
2282;22/07/2020;30;52;12;27;36;45
2281;18/07/2020;35;40;14;55;50;27
2280;16/07/2020;50;28;58;29;59;31
2279;14/07/2020;28;12;20;5;27;14
2278;11/07/2020;34;17;37;43;8;45
2277;08/07/2020;23;10;53;60;22;37
2276;04/07/2020;49;27;5;18;57;15
2275;01/07/2020;25;50;2;53;4;36
2274;27/06/2020;8;55;40;11;33;17
2273;24/06/2020;58;15;20;16;38;40
2272;20/06/2020;5;41;11;49;24;2
2271;17/06/2020;6;10;41;52;27;28
2270;13/06/2020;41;16;48;14;38;39
2269;10/06/2020;55;14;23;29;11;1
2268;06/06/2020;4;30;52;23;13;28
2267;03/06/2020;48;49;53;20;32;33
2266;30/05/2020;23;37;59;10;58;31
2265;27/05/2020;50;20;46;23;14;39
2264;23/05/2020;29;19;8;2;37;3
2263;20/05/2020;43;49;57;33;9;24
2262;16/05/2020;7;30;46;23;8;14
2261;13/05/2020;23;26;51;27;29;7
2260;09/05/2020;37;12;14;34;35;47
2259;07/05/2020;54;56;58;20;27;41
2258;05/05/2020;26;7;1;23;14;5
2257;02/05/2020;18;30;21;31;34;51
2256;29/04/2020;9;37;30;10;54;47
2255;25/04/2020;20;15;57;49;39;41
2254;22/04/2020;47;4;24;44;56;9
2253;18/04/2020;32;39;55;33;52;31
2252;15/04/2020;46;50;1;17;37;30
2251;11/04/2020;58;22;26;15;54;5
2250;08/04/2020;39;52;27;57;58;33
2249;04/04/2020;4;49;9;31;47;53
2248;01/04/2020;20;9;42;29;30;15
2247;28/03/2020;42;53;47;1;44;48
2246;25/03/2020;9;33;46;24;27;5
2245;21/03/2020;33;11;14;34;15;18
2244;18/03/2020;11;5;42;3;34;37
2243;14/03/2020;14;38;28;18;35;54
2242;12/03/2020;24;42;18;5;25;9
2241;10/03/2020;56;18;26;13;1;40
2240;07/03/2020;25;9;7;10;58;19
2239;04/03/2020;27;39;7;31;46;45
2238;29/02/2020;57;36;11;58;55;45
2237;27/02/2020;60;27;28;20;53;11
2236;22/02/2020;7;53;43;20;45;38
2235;19/02/2020;14;55;35;30;18;57
2234;15/02/2020;47;29;42;4;27;21
2233;12/02/2020;45;35;6;41;4;32
2232;08/02/2020;31;34;38;47;7;8
2231;05/02/2020;4;13;53;40;25;57
2230;01/02/2020;39;17;56;60;26;7
2229;29/01/2020;6;41;40;29;58;11
2228;25/01/2020;19;45;39;9;23;32
2227;23/01/2020;9;6;27;32;12;57
2226;21/01/2020;2;7;38;30;4;16
2225;18/01/2020;1;37;47;44;46;32
2224;15/01/2020;23;50;58;32;52;16
2223;11/01/2020;49;26;2;56;40;42
2222;08/01/2020;14;48;30;29;59;13
2221;04/01/2020;23;34;45;57;5;56
2220;31/12/2019;38;58;35;3;40;57
2219;21/12/2019;57;59;45;8;28;36
2218;19/12/2019;16;6;38;22;52;48
2217;17/12/2019;16;32;36;30;14;10
2216;14/12/2019;24;42;48;10;43;49
2215;11/12/2019;21;23;43;1;19;33
2214;07/12/2019;18;30;4;10;34;47
2213;04/12/2019;7;5;10;60;32;46
2212;30/11/2019;51;58;53;52;26;23
2211;27/11/2019;27;44;36;54;41;40
2210;23/11/2019;11;33;34;25;24;17
2209;20/11/2019;32;22;47;28;33;25
2208;16/11/2019;30;45;16;49;25;40
2207;13/11/2019;43;11;6;55;53;10
2206;09/11/2019;42;38;45;6;27;57
2205;06/11/2019;21;42;12;57;37;28
2204;04/11/2019;32;56;29;28;1;35
2203;30/10/2019;34;46;57;50;17;49
2202;26/10/2019;43;60;37;38;29;11
2201;24/10/2019;13;49;3;41;53;23
2200;22/10/2019;28;55;36;43;11;15
2199;19/10/2019;38;23;30;44;35;15
2198;16/10/2019;56;11;34;44;36;1
2197;14/10/2019;29;11;3;35;44;57
2196;09/10/2019;56;28;27;1;41;25
2195;05/10/2019;24;32;38;53;46;14
2194;02/10/2019;16;8;20;21;34;31
2193;28/09/2019;8;7;42;27;29;22
2192;26/09/2019;57;53;7;59;16;37
2191;24/09/2019;33;46;26;4;53;8
2190;21/09/2019;53;35;25;9;5;20
2189;18/09/2019;33;29;11;4;16;22
2188;14/09/2019;60;51;21;28;2;17
2187;11/09/2019;16;21;50;10;46;11
2186;09/09/2019;27;19;12;41;18;46
2185;04/09/2019;19;42;18;47;22;9
2184;31/08/2019;51;15;52;36;59;45
2183;28/08/2019;51;13;43;30;34;26
2182;24/08/2019;59;47;46;19;39;22
2181;21/08/2019;8;1;19;48;36;33
2180;17/08/2019;16;12;10;21;28;38
2179;14/08/2019;24;2;35;54;50;13
2178;10/08/2019;16;21;42;2;50;56
2177;08/08/2019;14;9;48;11;31;51
2176;06/08/2019;23;8;25;43;39;44
2175;03/08/2019;55;53;7;32;43;25
2174;31/07/2019;36;10;34;15;60;56
2173;27/07/2019;9;48;44;42;2;50
2172;24/07/2019;9;57;43;37;28;24
2171;20/07/2019;19;12;13;36;55;44
2170;17/07/2019;36;21;51;10;24;38
2169;13/07/2019;45;7;34;59;51;54
2168;11/07/2019;37;25;29;4;1;27
2167;09/07/2019;37;45;38;43;54;27
2166;06/07/2019;44;3;34;56;19;58
2165;03/07/2019;56;49;54;43;5;37
2164;29/06/2019;48;17;58;47;16;25
2163;26/06/2019;45;20;24;36;18;8
2162;22/06/2019;11;30;42;34;16;22
2161;19/06/2019;24;10;8;44;9;42
2160;15/06/2019;53;49;1;46;47;19
2159;12/06/2019;53;35;38;14;45;26
2158;08/06/2019;9;27;46;59;35;45
2157;05/06/2019;34;48;31;39;33;35
2156;01/06/2019;49;39;23;6;26;1
2155;29/05/2019;37;44;2;27;6;47
2154;25/05/2019;53;41;47;50;7;25
2153;22/05/2019;13;28;31;8;33;32
2152;18/05/2019;49;36;29;26;59;50
2151;15/05/2019;36;38;2;29;14;18
2150;11/05/2019;38;24;23;26;42;49
2149;08/05/2019;21;48;46;23;44;37
2148;04/05/2019;59;33;8;58;32;15
2147;02/05/2019;49;42;17;19;37;41
2146;27/04/2019;39;42;16;18;44;31
2145;24/04/2019;6;59;28;8;51;53
2144;20/04/2019;21;33;55;16;7;60
2143;17/04/2019;12;58;35;51;2;57
2142;13/04/2019;44;50;52;57;7;40
2141;10/04/2019;10;19;11;37;41;17
2140;06/04/2019;20;54;36;17;42;26
2139;03/04/2019;58;29;23;41;14;57
2138;30/03/2019;30;34;4;21;13;14
2137;27/03/2019;2;1;49;11;12;34
2136;23/03/2019;35;22;11;1;30;8
2135;20/03/2019;23;48;59;28;40;9
2134;16/03/2019;54;6;46;21;59;34
2133;13/03/2019;26;20;19;51;52;57
2132;09/03/2019;5;60;18;39;35;30
2131;06/03/2019;28;18;20;6;2;3
2130;02/03/2019;13;53;16;36;55;54
2129;28/02/2019;60;46;12;6;32;31
2128;26/02/2019;24;55;46;16;11;54
2127;23/02/2019;7;46;28;30;44;1
2126;20/02/2019;58;39;27;7;24;12
2125;16/02/2019;44;1;31;53;46;58
2124;13/02/2019;31;20;47;43;2;11
2123;09/02/2019;47;59;14;56;50;15
2122;06/02/2019;27;21;3;11;15;49
2121;02/02/2019;37;8;17;29;10;40
2120;30/01/2019;38;41;20;24;25;13
2119;26/01/2019;42;49;26;31;19;21
2118;23/01/2019;41;11;12;46;20;40
2117;19/01/2019;28;43;4;29;52;30
2116;17/01/2019;21;19;1;9;34;54
2115;15/01/2019;19;40;35;44;27;4
2114;12/01/2019;35;17;30;25;42;57
2113;09/01/2019;11;21;46;14;25;50
2112;05/01/2019;17;46;43;53;52;39
2111;02/01/2019;54;41;1;46;58;44
2110;31/12/2018;25;33;10;12;18;5
2109;20/12/2018;4;16;44;49;12;34
2108;18/12/2018;44;59;29;19;41;22
2107;15/12/2018;50;44;60;38;56;8
2106;12/12/2018;27;3;39;40;36;43
2105;08/12/2018;16;46;13;11;24;31
2104;06/12/2018;12;45;10;56;2;27
2103;04/12/2018;13;40;50;46;3;44
2102;01/12/2018;6;4;17;57;34;51
2101;28/11/2018;58;56;18;8;2;37
2100;24/11/2018;1;35;13;11;10;49
2099;21/11/2018;30;15;5;58;20;27
2098;17/11/2018;2;38;27;60;18;8
2097;14/11/2018;51;28;24;49;9;45
2096;10/11/2018;11;51;6;24;13;19
2095;07/11/2018;49;29;56;43;35;16
2094;03/11/2018;4;33;16;44;19;31
2093;31/10/2018;54;34;52;8;14;27
2092;27/10/2018;13;17;27;11;15;22
2091;25/10/2018;12;11;10;59;38;37
2090;23/10/2018;11;8;18;40;37;51
2089;20/10/2018;38;48;5;49;10;32
2088;17/10/2018;24;3;27;38;14;56
2087;13/10/2018;19;18;53;34;2;23
2086;10/10/2018;4;53;35;43;47;46
2085;06/10/2018;25;49;12;21;38;37
2084;03/10/2018;20;37;26;7;39;38
2083;29/09/2018;56;33;1;19;18;60
2082;26/09/2018;25;33;42;49;6;48
2081;22/09/2018;40;42;13;18;35;41
2080;20/09/2018;58;55;46;22;40;10
2079;18/09/2018;55;37;58;14;2;1
2078;15/09/2018;30;36;2;11;39;15
2077;12/09/2018;37;13;16;26;39;35
2076;08/09/2018;6;15;43;5;12;22
2075;05/09/2018;7;9;23;33;57;59
2074;01/09/2018;42;8;18;37;58;23
2073;29/08/2018;55;12;15;30;52;18
2072;25/08/2018;22;13;10;20;12;54
2071;22/08/2018;35;46;34;60;24;33
2070;18/08/2018;5;26;42;27;48;34
2069;16/08/2018;40;3;48;17;34;35
2068;14/08/2018;5;47;40;9;42;3
2067;11/08/2018;59;2;11;32;26;13
2066;08/08/2018;27;55;35;6;25;45
2065;04/08/2018;4;11;43;20;30;37
2064;01/08/2018;55;53;14;10;36;60
2063;28/07/2018;10;19;29;24;6;25
2062;25/07/2018;8;15;34;25;10;23
2061;21/07/2018;33;45;44;40;36;54
2060;18/07/2018;11;39;41;9;25;8
2059;14/07/2018;5;4;36;56;40;44
2058;11/07/2018;19;4;23;29;59;56
2057;07/07/2018;37;38;20;13;10;54
2056;05/07/2018;29;47;22;36;34;18
2055;03/07/2018;53;43;46;25;35;6
2054;30/06/2018;39;4;7;12;26;22
2053;27/06/2018;12;27;40;37;22;55
2052;23/06/2018;57;50;56;51;58;59
2051;20/06/2018;37;5;44;1;53;6
2050;16/06/2018;33;50;38;32;8;31
2049;13/06/2018;19;10;27;31;51;53
2048;09/06/2018;10;39;38;35;26;19
2047;06/06/2018;18;19;44;54;1;29
2046;02/06/2018;27;11;6;28;46;3
2045;30/05/2018;27;46;15;25;50;45
2044;26/05/2018;14;7;60;54;47;56
2043;23/05/2018;53;58;21;38;57;56
2042;19/05/2018;33;32;22;29;35;14
2041;16/05/2018;10;12;54;42;22;25
2040;12/05/2018;56;58;54;6;41;9
2039;10/05/2018;28;22;6;31;44;12
2038;08/05/2018;26;35;40;25;6;38
2037;05/05/2018;60;30;14;45;23;16
2036;02/05/2018;23;58;8;19;27;7
2035;28/04/2018;52;35;49;30;38;36
2034;25/04/2018;7;56;22;13;6;17
2033;20/04/2018;40;10;18;33;38;43
2032;17/04/2018;19;39;20;53;14;6
2031;14/04/2018;23;39;18;55;50;37
2030;11/04/2018;38;4;58;40;27;59
2029;07/04/2018;15;37;18;33;40;6
2028;04/04/2018;7;42;58;36;24;11
2027;31/03/2018;11;15;39;37;29;44
2026;28/03/2018;51;33;23;52;31;10
2025;24/03/2018;52;56;4;24;46;55
2024;21/03/2018;29;16;20;35;47;23
2023;17/03/2018;23;56;8;7;1;6
2022;14/03/2018;28;60;52;45;4;48
2021;10/03/2018;32;37;40;60;7;14
2020;07/03/2018;2;46;57;60;48;36
2019;03/03/2018;41;46;54;59;23;52
2018;28/02/2018;55;11;27;22;25;59
2017;24/02/2018;56;10;11;2;38;24
2016;21/02/2018;11;17;48;18;4;21
2015;17/02/2018;18;58;32;39;27;17
2014;14/02/2018;46;32;16;56;40;53
2013;10/02/2018;6;36;53;30;56;23
2012;08/02/2018;11;51;36;8;35;27
2011;06/02/2018;28;35;58;54;2;32
2010;03/02/2018;18;56;8;34;39;10
2009;31/01/2018;1;48;50;44;37;46
2008;27/01/2018;27;22;58;33;59;42
2007;24/01/2018;41;14;54;4;39;58
2006;20/01/2018;20;9;1;14;54;25
2005;17/01/2018;22;19;33;11;53;34
2004;13/01/2018;45;35;1;23;5;14
2003;10/01/2018;40;50;43;28;51;34
2002;06/01/2018;59;46;28;38;4;30
2001;03/01/2018;22;20;52;60;42;36
2000;31/12/2017;6;37;34;10;3;17
1999;21/12/2017;42;38;49;15;50;37
1998;19/12/2017;57;21;24;52;25;8
1997;16/12/2017;14;7;35;1;31;46
1996;13/12/2017;56;21;20;7;40;24
1995;09/12/2017;14;37;39;26;35;29
1994;06/12/2017;44;5;32;2;12;40
1993;02/12/2017;50;57;48;17;6;33
1992;29/11/2017;21;11;13;53;54;5
1991;25/11/2017;19;34;44;36;20;28
1990;22/11/2017;37;26;11;24;59;34
1989;18/11/2017;40;58;30;32;15;22
1988;16/11/2017;5;39;10;54;46;42
1987;11/11/2017;10;58;14;45;31;34
1986;09/11/2017;55;23;44;43;36;56
1985;07/11/2017;9;36;29;28;34;55
1984;04/11/2017;43;32;21;50;35;29
1983;01/11/2017;14;22;6;5;10;36
1982;28/10/2017;46;24;20;4;50;14
1981;25/10/2017;15;6;39;19;37;53
1980;21/10/2017;18;16;12;34;37;17
1979;19/10/2017;38;23;45;32;29;22
1978;17/10/2017;6;2;57;22;55;44
1977;14/10/2017;28;3;32;34;37;16
1976;11/10/2017;52;14;19;12;59;25
1975;07/10/2017;8;24;47;26;11;57
1974;04/10/2017;19;57;38;54;4;27
1973;30/09/2017;17;16;60;12;52;1
1972;27/09/2017;20;9;59;54;16;57
1971;23/09/2017;54;10;52;41;44;4
1970;21/09/2017;10;18;24;5;39;52
1969;19/09/2017;30;59;20;32;8;48
1968;16/09/2017;35;48;44;39;36;52
1967;13/09/2017;32;39;13;54;30;46
1966;09/09/2017;19;10;32;60;13;40
1965;06/09/2017;28;26;55;38;48;35
1964;02/09/2017;32;27;48;36;2;50
1963;30/08/2017;34;60;5;4;7;42
1962;26/08/2017;39;5;6;53;15;25
1961;23/08/2017;50;30;25;17;32;26
1960;19/08/2017;43;39;18;25;37;1
1959;16/08/2017;56;43;21;8;27;35
1958;12/08/2017;55;34;22;20;24;15
1957;10/08/2017;23;47;29;2;14;22
1956;08/08/2017;20;40;28;5;8;45
1955;05/08/2017;15;41;45;33;36;27
1954;02/08/2017;40;9;49;25;35;33
1953;29/07/2017;45;29;42;9;43;26
1952;26/07/2017;9;21;53;36;52;38
1951;22/07/2017;55;14;16;21;33;19
1950;19/07/2017;32;21;10;48;34;57
1949;15/07/2017;30;1;14;56;22;6
1948;12/07/2017;28;33;20;24;57;12
1947;08/07/2017;52;59;55;40;8;33
1946;06/07/2017;6;39;4;44;52;60
1945;04/07/2017;8;54;21;10;45;4
1944;01/07/2017;8;57;47;39;9;59
1943;28/06/2017;43;11;39;9;30;12
1942;24/06/2017;48;20;43;18;6;24
1941;21/06/2017;38;1;9;48;49;24
1940;17/06/2017;36;16;9;47;13;17
1939;14/06/2017;39;29;24;52;7;45
1938;10/06/2017;10;54;42;16;40;32
1937;07/06/2017;10;29;24;43;6;55
1936;03/06/2017;51;40;52;24;12;3
1935;31/05/2017;24;17;10;1;3;23
1934;27/05/2017;56;39;35;8;23;59
1933;24/05/2017;15;19;35;59;14;2
1932;20/05/2017;55;21;16;44;29;10
1931;17/05/2017;34;8;2;15;9;22
1930;13/05/2017;17;56;37;52;18;4
1929;11/05/2017;10;52;23;36;3;43
1928;09/05/2017;28;51;59;26;53;10
1927;06/05/2017;11;5;30;31;13;19
1926;03/05/2017;46;3;2;30;14;20
1925;29/04/2017;47;43;38;1;17;45
1924;26/04/2017;16;52;53;58;30;12
1923;22/04/2017;46;34;59;45;9;42
1922;19/04/2017;20;41;22;36;43;38
1921;15/04/2017;19;10;16;15;28;35
1920;12/04/2017;39;45;31;25;43;33
1919;08/04/2017;60;28;54;37;45;11
1918;05/04/2017;22;17;50;38;20;16
1917;01/04/2017;4;36;25;21;46;33
1916;29/03/2017;3;50;18;23;9;52
1915;25/03/2017;57;21;2;33;20;48
1914;22/03/2017;39;33;29;16;44;42
1913;18/03/2017;14;56;52;17;4;43
1912;15/03/2017;42;10;33;36;13;35
1911;11/03/2017;32;16;33;23;18;30
1910;08/03/2017;9;6;39;15;22;48
1909;04/03/2017;47;43;45;40;57;11
1908;01/03/2017;10;27;57;13;23;4
1907;25/02/2017;3;48;44;35;25;38
1906;23/02/2017;27;40;33;6;39;60
1905;21/02/2017;43;54;29;57;35;56
1904;18/02/2017;21;18;56;15;51;12
1903;15/02/2017;9;43;10;15;45;28
1902;11/02/2017;25;18;2;21;9;7
1901;08/02/2017;30;53;26;11;37;12
1900;04/02/2017;46;11;8;43;28;27
1899;01/02/2017;48;35;44;23;36;20
1898;28/01/2017;53;12;58;55;34;45
1897;25/01/2017;52;9;58;47;22;25
1896;21/01/2017;25;6;14;21;3;15
1895;18/01/2017;3;5;2;34;10;15
1894;14/01/2017;31;35;57;54;21;53
1893;11/01/2017;17;58;45;19;28;16
1892;07/01/2017;50;22;6;37;30;17
1891;04/01/2017;47;1;3;19;23;58
1890;31/12/2016;5;24;51;22;11;53
1889;24/12/2016;30;25;23;44;28;16
1888;22/12/2016;48;1;18;45;17;10
1887;20/12/2016;23;56;41;46;34;11
1886;17/12/2016;7;40;54;15;3;45
1885;14/12/2016;59;7;18;23;32;14
1884;10/12/2016;38;1;32;4;23;59
1883;07/12/2016;28;59;16;47;27;60
1882;03/12/2016;41;35;37;10;19;9
1881;30/11/2016;30;10;53;44;3;56
1880;26/11/2016;19;51;56;16;5;37
1879;23/11/2016;20;58;10;59;57;5
1878;19/11/2016;56;26;40;16;57;12
1877;16/11/2016;35;13;32;16;24;23
1876;12/11/2016;7;18;51;41;44;39
1875;10/11/2016;53;45;47;1;52;55
1874;08/11/2016;43;28;10;37;47;44
1873;05/11/2016;25;5;53;28;41;54
1872;03/11/2016;39;11;56;46;13;25
1871;29/10/2016;17;58;33;52;11;3
1870;26/10/2016;30;40;33;18;20;32
1869;22/10/2016;11;26;24;52;40;23
1868;20/10/2016;25;5;31;1;28;23
1867;18/10/2016;3;43;21;17;22;10
1866;15/10/2016;14;36;60;38;17;44
1865;13/10/2016;42;5;32;37;1;31
1864;08/10/2016;5;4;37;40;60;14
1863;05/10/2016;23;45;16;58;59;56
1862;01/10/2016;8;49;35;42;56;2
1861;28/09/2016;45;9;60;2;35;4
1860;24/09/2016;10;40;30;44;36;60
1859;22/09/2016;13;26;1;21;14;51
1858;20/09/2016;55;30;28;59;33;22
1857;17/09/2016;53;35;52;25;23;13
1856;14/09/2016;14;9;2;32;22;37
1855;10/09/2016;6;38;24;39;15;10
1854;08/09/2016;59;30;43;31;34;25
1853;03/09/2016;2;41;39;1;34;45
1852;31/08/2016;29;13;49;50;45;17
1851;27/08/2016;35;22;8;37;21;18
1850;24/08/2016;24;32;23;40;41;38
1849;20/08/2016;35;27;3;11;44;5
1848;17/08/2016;58;41;50;40;9;55
1847;13/08/2016;45;1;57;49;50;6
1846;11/08/2016;49;26;30;34;24;6
1845;09/08/2016;9;3;29;13;30;51
1844;06/08/2016;4;3;37;39;48;50
1843;03/08/2016;28;26;33;41;8;54
1842;30/07/2016;18;43;22;24;16;34
1841;27/07/2016;6;51;13;38;49;3
1840;23/07/2016;33;41;48;15;17;47
1839;20/07/2016;28;32;22;56;58;7
1838;16/07/2016;59;24;30;8;57;5
1837;14/07/2016;41;48;57;50;44;54
1836;12/07/2016;59;18;45;60;8;15
1835;09/07/2016;50;36;8;28;47;58
1834;06/07/2016;2;22;51;24;48;17
1833;02/07/2016;2;42;3;27;16;7
1832;29/06/2016;34;47;57;56;14;46
1831;25/06/2016;55;15;48;32;28;27
1830;22/06/2016;29;3;54;7;37;60
1829;18/06/2016;53;32;30;7;24;13
1828;15/06/2016;40;32;11;6;59;48
1827;11/06/2016;43;33;53;26;54;42
1826;09/06/2016;43;48;32;19;17;51
1825;07/06/2016;21;54;10;50;51;11
1824;04/06/2016;19;30;60;12;6;5
1823;01/06/2016;54;34;59;21;9;4
1822;28/05/2016;22;53;26;1;43;50
1821;25/05/2016;53;31;19;52;36;22
1820;21/05/2016;27;19;23;3;45;40
1819;18/05/2016;37;26;18;30;33;17
1818;14/05/2016;10;53;15;2;6;56
1817;11/05/2016;47;1;26;55;39;4
1816;07/05/2016;12;10;46;28;22;5
1815;05/05/2016;60;8;25;39;41;11
1814;03/05/2016;53;51;27;11;46;9
1813;30/04/2016;51;9;13;15;19;11
1812;27/04/2016;45;34;23;20;37;32
1811;23/04/2016;32;37;5;35;17;57
1810;20/04/2016;56;10;43;50;1;25
1809;16/04/2016;23;12;54;46;9;24
1808;13/04/2016;20;25;45;2;41;14
1807;09/04/2016;43;15;22;1;16;25
1806;06/04/2016;11;42;55;58;35;20
1805;02/04/2016;17;49;27;22;57;31
1804;30/03/2016;20;50;48;59;28;21
1803;26/03/2016;4;29;8;49;38;50
1802;23/03/2016;6;14;2;17;44;13
1801;19/03/2016;19;45;43;6;54;34
1800;16/03/2016;31;56;16;6;11;19
1799;12/03/2016;53;1;3;4;51;39
1798;10/03/2016;9;28;45;2;23;53
1797;08/03/2016;2;57;35;13;54;14
1796;05/03/2016;54;22;48;34;23;53
1795;02/03/2016;55;50;42;58;47;30
1794;27/02/2016;1;5;37;60;34;40
1793;24/02/2016;56;13;22;54;14;58
1792;20/02/2016;47;41;18;17;2;16
1791;17/02/2016;55;12;50;18;53;46
1790;13/02/2016;28;13;11;26;50;27
1789;10/02/2016;57;59;6;25;43;58
1788;06/02/2016;42;45;56;13;3;59
1787;04/02/2016;1;29;13;25;5;26
1786;02/02/2016;34;8;2;21;25;6
1785;30/01/2016;27;5;42;54;41;11
1784;27/01/2016;30;15;54;55;26;4
1783;23/01/2016;38;16;21;4;18;6
1782;20/01/2016;34;57;47;18;6;52
1781;16/01/2016;22;8;52;1;53;49
1780;14/01/2016;20;6;33;22;31;34
1779;12/01/2016;25;56;30;12;39;57
1778;09/01/2016;4;38;48;10;45;40
1777;06/01/2016;55;4;44;38;19;52
1776;02/01/2016;39;11;48;14;19;10
1775;31/12/2015;31;2;51;42;18;56
1774;26/12/2015;1;52;30;60;20;12
1773;24/12/2015;45;41;39;30;15;59
1772;22/12/2015;27;39;19;41;12;45
1771;19/12/2015;38;2;27;28;32;20
1770;16/12/2015;34;30;41;11;27;26
1769;12/12/2015;32;44;54;60;47;37
1768;09/12/2015;35;11;7;50;34;5
1767;05/12/2015;44;26;39;35;16;45
1766;02/12/2015;60;23;22;46;53;41
1765;28/11/2015;1;28;56;37;6;58
1764;25/11/2015;6;7;41;39;29;55
1763;21/11/2015;21;9;15;36;12;31
1762;18/11/2015;45;59;42;55;32;26
1761;14/11/2015;53;36;10;9;50;55
1760;13/11/2015;25;10;24;47;48;36
1759;10/11/2015;2;14;21;60;22;51
1758;07/11/2015;6;23;16;11;42;36
1757;04/11/2015;43;13;28;56;37;25
1756;31/10/2015;28;13;6;14;45;35
1755;28/10/2015;48;5;30;18;8;2
1754;24/10/2015;20;31;40;30;27;53
1753;21/10/2015;54;8;45;29;35;15
1752;17/10/2015;36;53;55;37;60;9
1751;15/10/2015;42;22;51;23;57;15
1750;13/10/2015;17;41;48;15;20;31
1749;10/10/2015;33;13;14;3;43;29
1748;07/10/2015;2;53;13;49;10;41
1747;03/10/2015;53;34;59;33;48;6
1746;30/09/2015;37;40;6;58;41;18
1745;26/09/2015;13;47;60;18;52;9
1744;23/09/2015;12;9;56;29;14;42
1743;19/09/2015;34;31;29;4;10;35
1742;16/09/2015;23;27;21;19;52;11
1741;12/09/2015;49;18;20;32;15;48
1740;09/09/2015;38;15;47;25;10;53
1739;05/09/2015;34;17;9;46;10;32
1738;02/09/2015;53;46;28;48;37;12
1737;29/08/2015;59;5;51;42;50;8
1736;26/08/2015;13;32;12;41;24;29
1735;22/08/2015;46;16;33;45;34;6
1734;19/08/2015;52;29;17;41;12;25
1733;15/08/2015;5;9;41;14;3;46
1732;12/08/2015;25;60;34;53;45;38
1731;08/08/2015;59;49;43;5;27;18
1730;06/08/2015;1;24;10;17;42;51
1729;04/08/2015;53;14;44;7;23;43
1728;01/08/2015;28;39;8;59;42;3
1727;29/07/2015;4;6;41;40;19;20
1726;25/07/2015;42;54;57;3;49;10
1725;22/07/2015;26;31;30;18;16;34
1724;18/07/2015;27;39;37;58;60;33
1723;15/07/2015;27;60;30;14;46;52
1722;11/07/2015;41;39;9;49;23;58
1721;09/07/2015;12;33;4;38;36;19
1720;07/07/2015;49;39;18;31;57;23
1719;04/07/2015;44;22;31;54;34;1
1718;01/07/2015;30;53;4;31;47;32
1717;27/06/2015;9;58;16;44;2;37
1716;24/06/2015;25;36;2;53;42;41
1715;20/06/2015;20;16;35;40;60;53
1714;17/06/2015;51;2;24;52;36;8
1713;13/06/2015;3;29;10;16;23;27
1712;10/06/2015;50;19;59;2;29;12
1711;06/06/2015;38;22;50;45;26;39
1710;03/06/2015;59;56;7;28;21;58
1709;30/05/2015;30;7;47;35;19;42
1708;27/05/2015;38;50;29;45;17;32
1707;23/05/2015;36;27;20;7;16;52
1706;20/05/2015;12;31;34;48;36;56
1705;16/05/2015;50;37;51;27;29;25
1704;13/05/2015;11;7;59;51;32;1
1703;09/05/2015;49;3;35;39;23;26
1702;07/05/2015;39;52;17;35;19;33
1701;05/05/2015;9;3;18;40;32;56
1700;02/05/2015;58;41;48;50;15;18
1699;29/04/2015;1;10;30;33;38;6
1698;25/04/2015;24;44;28;13;45;11
1697;22/04/2015;8;30;23;51;53;58
1696;18/04/2015;12;1;31;37;17;46
1695;15/04/2015;36;43;38;24;58;44
1694;11/04/2015;34;29;20;37;57;45
1693;08/04/2015;19;18;38;5;21;15
1692;04/04/2015;44;56;13;14;27;11
1691;01/04/2015;39;45;58;10;1;24
1690;28/03/2015;24;45;53;35;26;21
1689;25/03/2015;41;2;53;5;13;27
1688;21/03/2015;18;23;42;56;32;30
1687;18/03/2015;15;58;24;37;46;49
1686;14/03/2015;44;37;9;55;14;46
1685;11/03/2015;39;46;18;51;31;3
1684;07/03/2015;9;12;31;50;18;39
1683;04/03/2015;48;4;12;34;32;33
1682;28/02/2015;13;39;51;37;35;7
1681;25/02/2015;1;33;8;11;6;50
1680;21/02/2015;37;46;47;51;23;38
1679;18/02/2015;28;2;1;46;27;47
1678;14/02/2015;35;52;17;19;9;11
1677;11/02/2015;52;33;15;28;51;10
1676;07/02/2015;2;1;37;51;48;11
1675;04/02/2015;36;3;35;56;18;34
1674;31/01/2015;42;59;30;58;50;22
1673;28/01/2015;35;10;47;5;24;23
1672;24/01/2015;20;10;1;5;42;3
1671;21/01/2015;21;31;56;55;45;27
1670;17/01/2015;1;33;30;17;47;19
1669;14/01/2015;29;28;31;48;45;49
1668;10/01/2015;47;40;55;57;52;5
1667;07/01/2015;51;24;56;7;12;44
1666;03/01/2015;51;27;1;23;45;2
1665;31/12/2014;20;11;16;1;56;5
1664;24/12/2014;48;8;21;36;23;29
1663;20/12/2014;20;27;49;40;55;18
1662;17/12/2014;57;10;25;14;33;29
1661;13/12/2014;16;48;43;27;58;13
1660;10/12/2014;17;38;42;51;34;8
1659;06/12/2014;20;33;37;49;4;10
1658;03/12/2014;7;40;19;49;11;23
1657;29/11/2014;10;54;37;45;14;7
1656;26/11/2014;6;4;43;54;56;11
1655;22/11/2014;56;46;7;24;28;53
1654;19/11/2014;50;33;42;7;58;16
1653;14/11/2014;45;22;27;21;1;32
1652;12/11/2014;44;28;24;57;7;26
1651;08/11/2014;27;44;8;35;38;41
1650;05/11/2014;23;57;29;17;60;38
1649;01/11/2014;54;33;24;44;38;42
1648;29/10/2014;48;18;15;22;20;16
1647;25/10/2014;38;54;23;12;17;53
1646;22/10/2014;34;23;41;19;40;58
1645;18/10/2014;31;37;21;38;8;18
1644;15/10/2014;10;16;34;13;60;22
1643;11/10/2014;19;20;16;60;28;37
1642;08/10/2014;47;3;43;42;60;23
1641;04/10/2014;51;30;29;33;46;23
1640;01/10/2014;6;18;46;23;31;2
1639;27/09/2014;35;51;34;49;16;29
1638;24/09/2014;38;2;42;58;41;1
1637;20/09/2014;5;56;24;55;1;47
1636;17/09/2014;33;19;52;51;35;26
1635;13/09/2014;30;32;51;8;28;23
1634;10/09/2014;44;9;33;10;23;51
1633;06/09/2014;2;11;49;13;36;1
1632;03/09/2014;18;56;27;6;24;59
1631;30/08/2014;47;48;44;60;4;29
1630;27/08/2014;30;43;7;44;1;54
1629;23/08/2014;47;20;35;4;59;24
1628;20/08/2014;38;26;60;34;29;50
1627;16/08/2014;26;57;20;32;45;41
1626;13/08/2014;3;52;5;43;35;14
1625;09/08/2014;45;11;22;52;36;40
1624;07/08/2014;32;2;27;47;58;41
1623;05/08/2014;33;56;59;43;50;49
1622;02/08/2014;21;7;5;53;45;4
1621;30/07/2014;24;22;38;49;10;39
1620;26/07/2014;57;23;38;13;34;27
1619;23/07/2014;46;17;5;42;47;8
1618;19/07/2014;9;51;20;24;52;43
1617;16/07/2014;23;31;47;54;3;26
1616;12/07/2014;46;40;58;31;28;42
1615;09/07/2014;26;20;5;44;33;31
1614;05/07/2014;49;27;43;17;14;21
1613;02/07/2014;31;18;4;46;44;49
1612;28/06/2014;17;51;36;6;42;13
1611;25/06/2014;24;51;50;28;58;47
1610;21/06/2014;36;53;35;9;1;4
1609;18/06/2014;2;26;6;13;53;60
1608;14/06/2014;6;43;17;5;54;59
1607;11/06/2014;32;41;51;7;31;52
1606;07/06/2014;54;1;15;37;46;42
1605;04/06/2014;42;30;9;19;31;21
1604;31/05/2014;21;40;51;27;24;2
1603;28/05/2014;13;53;20;31;60;27
1602;24/05/2014;8;44;40;35;22;12
1601;21/05/2014;60;24;56;45;10;8
1600;17/05/2014;9;46;23;32;35;57
1599;14/05/2014;35;10;15;58;36;3
1598;10/05/2014;36;47;42;29;53;31
1597;07/05/2014;16;52;5;44;10;50
1596;03/05/2014;5;12;1;7;45;10
1595;30/04/2014;59;5;42;8;46;2
1594;26/04/2014;53;43;23;6;7;8
1593;23/04/2014;4;17;38;9;18;21
1592;19/04/2014;41;49;36;42;31;38
1591;16/04/2014;4;23;55;10;38;33
1590;12/04/2014;40;7;44;55;34;20
1589;09/04/2014;11;41;51;5;19;4
1588;05/04/2014;36;29;23;49;32;45
1587;02/04/2014;8;21;19;30;52;56
1586;29/03/2014;47;58;8;43;39;46
1585;26/03/2014;55;47;43;48;49;2
1584;22/03/2014;27;54;28;50;22;3
1583;19/03/2014;18;2;9;47;17;45
1582;15/03/2014;4;17;1;48;13;38
1581;12/03/2014;31;34;15;14;25;30
1580;08/03/2014;1;6;14;17;33;36
1579;05/03/2014;34;25;40;51;60;49
1578;01/03/2014;6;53;56;30;37;3
1577;26/02/2014;25;32;11;59;51;14
1576;22/02/2014;26;30;21;15;13;46
1575;19/02/2014;1;5;4;45;14;56
1574;15/02/2014;6;28;33;48;46;27
1573;12/02/2014;7;16;36;35;38;21
1572;08/02/2014;46;42;27;45;20;47
1571;05/02/2014;46;60;55;32;3;29
1570;01/02/2014;18;46;42;15;56;24
1569;29/01/2014;42;15;18;31;5;53
1568;25/01/2014;28;58;19;24;42;25
1567;22/01/2014;53;38;30;2;15;48
1566;18/01/2014;11;32;60;5;6;36
1565;15/01/2014;43;41;37;51;18;39
1564;11/01/2014;54;44;38;25;46;53
1563;09/01/2014;43;36;1;20;13;6
1562;04/01/2014;12;10;51;37;23;47
1561;02/01/2014;28;26;54;55;23;60
1560;31/12/2013;30;47;53;38;20;36
1559;21/12/2013;37;58;12;29;8;16
1558;19/12/2013;31;42;15;7;17;54
1557;17/12/2013;46;18;16;45;31;4
1556;14/12/2013;7;52;11;10;1;4
1555;11/12/2013;5;52;59;2;33;23
1554;07/12/2013;30;52;50;49;53;32
1553;04/12/2013;29;21;20;46;22;60
1552;30/11/2013;7;18;26;46;39;24
1551;27/11/2013;2;23;38;15;21;19
1550;23/11/2013;21;56;36;9;13;27
1549;20/11/2013;32;53;16;20;12;10
1548;16/11/2013;44;41;42;54;47;19
1547;13/11/2013;28;21;9;10;2;18
1546;09/11/2013;38;44;17;60;4;53
1545;06/11/2013;6;48;11;45;4;24
1544;01/11/2013;30;50;45;2;35;21
1543;30/10/2013;30;7;23;20;15;41
1542;26/10/2013;7;12;57;11;30;39
1541;23/10/2013;37;5;24;44;49;58
1540;19/10/2013;54;47;27;17;3;32
1539;16/10/2013;10;49;8;58;20;26
1538;11/10/2013;35;52;27;53;57;23
1537;09/10/2013;6;56;33;50;51;10
1536;05/10/2013;18;32;29;13;50;58
1535;02/10/2013;55;25;9;8;54;41
1534;28/09/2013;28;12;34;29;1;48
1533;25/09/2013;29;21;47;57;13;34
1532;21/09/2013;42;2;11;23;31;44
1531;18/09/2013;24;41;12;42;44;13
1530;14/09/2013;53;10;28;16;48;33
1529;11/09/2013;35;17;15;34;49;11
1528;06/09/2013;4;13;58;36;19;15
1527;04/09/2013;32;44;42;48;16;36
1526;31/08/2013;51;47;28;10;59;16
1525;28/08/2013;30;46;35;54;26;2
1524;24/08/2013;40;53;12;46;2;52
1523;21/08/2013;25;39;44;41;31;22
1522;17/08/2013;33;5;23;32;8;56
1521;14/08/2013;18;30;14;11;33;39
1520;10/08/2013;36;46;48;31;7;35
1519;08/08/2013;6;23;56;15;5;59
1518;06/08/2013;28;8;55;41;48;9
1517;03/08/2013;45;38;52;17;7;56
1516;31/07/2013;34;60;18;45;4;20
1515;27/07/2013;59;49;13;18;4;14
1514;24/07/2013;23;16;17;59;42;60
1513;20/07/2013;31;57;17;56;28;58
1512;17/07/2013;35;11;28;46;42;58
1511;13/07/2013;8;29;31;4;17;45
1510;10/07/2013;1;8;44;17;46;53
1509;06/07/2013;27;51;1;46;59;6
1508;03/07/2013;58;39;18;17;35;30
1507;29/06/2013;46;24;51;50;56;52
1506;26/06/2013;49;34;42;18;3;14
1505;22/06/2013;32;1;6;9;16;2
1504;19/06/2013;41;2;42;30;12;10
1503;15/06/2013;36;22;42;3;16;4
1502;12/06/2013;6;43;22;52;57;51
1501;08/06/2013;13;37;54;7;29;1
1500;05/06/2013;57;43;18;59;10;31
1499;01/06/2013;26;37;8;22;54;33
1498;29/05/2013;11;46;27;49;6;40
1497;25/05/2013;58;7;27;45;4;5
1496;22/05/2013;28;18;41;54;14;47
1495;18/05/2013;13;49;4;44;14;57
1494;15/05/2013;50;28;35;24;2;14
1493;11/05/2013;30;24;12;49;7;27
1492;08/05/2013;48;44;46;4;18;9
1491;04/05/2013;56;6;45;60;26;50
1490;02/05/2013;31;32;43;3;52;1
1489;27/04/2013;48;15;24;28;1;26
1488;24/04/2013;4;51;45;22;38;25
1487;20/04/2013;4;17;23;28;9;53
1486;17/04/2013;10;1;34;54;6;40
1485;13/04/2013;30;59;27;36;4;54
1484;10/04/2013;49;29;17;53;20;24
1483;06/04/2013;55;53;1;35;56;39
1482;03/04/2013;11;9;6;34;41;53
1481;30/03/2013;40;27;55;17;28;44
1480;27/03/2013;9;14;26;36;52;21
1479;23/03/2013;57;21;54;48;50;60
1478;20/03/2013;10;40;27;47;55;37
1477;16/03/2013;50;59;56;46;3;4
1476;13/03/2013;26;10;4;37;47;57
1475;09/03/2013;13;12;51;37;48;44
1474;06/03/2013;2;43;11;1;3;28
1473;02/03/2013;60;12;57;58;33;2
1472;27/02/2013;12;23;25;18;45;50
1471;23/02/2013;58;33;36;40;25;10
1470;20/02/2013;2;34;51;36;38;55
1469;16/02/2013;4;56;54;13;35;58
1468;13/02/2013;2;20;37;19;1;10
1467;09/02/2013;41;53;26;23;52;24
1466;06/02/2013;4;13;51;37;6;34
1465;02/02/2013;11;6;53;44;16;26
1464;30/01/2013;59;2;54;32;24;50
1463;26/01/2013;40;22;13;29;48;28
1462;23/01/2013;5;9;25;40;38;27
1461;19/01/2013;44;31;49;54;36;47
1460;16/01/2013;50;52;14;4;27;38
1459;12/01/2013;2;6;35;30;52;34
1458;09/01/2013;2;16;4;44;33;51
1457;05/01/2013;34;16;46;15;42;59
1456;02/01/2013;36;6;40;14;8;26
1455;31/12/2012;33;14;52;36;32;41
1454;22/12/2012;27;52;41;29;4;48
1453;20/12/2012;47;32;25;57;6;13
1452;18/12/2012;50;57;58;28;2;14
1451;15/12/2012;57;10;33;2;11;52
1450;12/12/2012;27;45;44;26;38;31
1449;08/12/2012;2;18;30;56;52;6
1448;05/12/2012;25;29;36;1;56;60
1447;01/12/2012;1;41;28;33;39;19
1446;28/11/2012;13;32;6;51;40;24
1445;24/11/2012;41;32;19;58;5;49
1444;21/11/2012;2;5;55;28;27;48
1443;17/11/2012;52;32;12;54;20;48
1442;14/11/2012;12;20;13;49;34;30
1441;10/11/2012;56;29;53;36;38;17
1440;07/11/2012;6;28;56;2;36;51
1439;03/11/2012;35;55;2;43;34;42
1438;31/10/2012;49;7;33;31;36;14
1437;27/10/2012;48;37;26;22;38;23
1436;24/10/2012;1;23;13;30;24;57
1435;20/10/2012;45;47;50;52;15;4
1434;17/10/2012;3;34;58;22;18;55
1433;13/10/2012;14;46;40;13;4;52
1432;10/10/2012;16;24;25;45;59;42
1431;06/10/2012;33;54;40;5;9;13
1430;03/10/2012;19;2;30;46;22;52
1429;29/09/2012;9;22;60;48;12;39
1428;26/09/2012;15;55;37;34;19;7
1427;22/09/2012;47;44;53;56;8;39
1426;19/09/2012;24;44;6;15;18;30
1425;15/09/2012;7;29;50;16;38;36
1424;12/09/2012;60;38;29;3;7;15
1423;08/09/2012;43;8;21;27;3;25
1422;05/09/2012;17;44;2;5;13;39
1421;01/09/2012;31;39;59;19;53;44
1420;29/08/2012;45;16;18;11;36;2
1419;25/08/2012;52;21;48;58;30;17
1418;22/08/2012;7;8;10;27;12;56
1417;18/08/2012;12;56;5;52;45;59
1416;15/08/2012;49;3;19;35;22;24
1415;11/08/2012;51;49;46;40;36;26
1414;09/08/2012;44;49;57;37;21;46
1413;07/08/2012;54;33;13;55;45;15
1412;04/08/2012;6;8;37;24;45;41
1411;01/08/2012;32;44;12;8;48;46
1410;28/07/2012;54;29;18;42;40;50
1409;25/07/2012;50;6;47;58;26;19
1408;21/07/2012;43;39;20;19;24;4
1407;18/07/2012;53;42;31;43;29;18
1406;14/07/2012;7;10;38;17;24;57
1405;11/07/2012;14;17;32;37;39;3
1404;07/07/2012;7;32;31;51;27;8
1403;04/07/2012;16;39;13;26;42;20
1402;30/06/2012;38;10;27;2;21;9
1401;27/06/2012;12;11;54;33;48;25
1400;23/06/2012;34;26;9;43;54;53
1399;20/06/2012;39;43;60;57;34;56
1398;16/06/2012;42;51;14;40;32;33
1397;13/06/2012;15;56;3;27;4;7
1396;09/06/2012;52;48;54;58;55;29
1395;06/06/2012;5;44;11;19;17;48
1394;02/06/2012;11;35;16;46;24;50
1393;30/05/2012;44;28;18;24;4;39
1392;26/05/2012;43;8;2;28;33;12
1391;23/05/2012;19;7;12;34;53;40
1390;19/05/2012;29;27;19;4;28;31
1389;16/05/2012;1;44;39;16;57;28
1388;12/05/2012;54;31;50;43;29;22
1387;09/05/2012;43;27;18;52;50;32
1386;05/05/2012;39;56;28;12;51;38
1385;02/05/2012;42;37;35;27;59;36
1384;28/04/2012;56;18;31;2;30;45
1383;25/04/2012;9;55;23;44;7;46
1382;20/04/2012;17;27;55;13;5;16
1381;18/04/2012;44;30;27;11;40;57
1380;14/04/2012;52;14;3;60;57;55
1379;11/04/2012;45;5;36;12;50;58
1378;07/04/2012;18;17;59;2;54;5
1377;04/04/2012;25;5;13;12;35;2
1376;31/03/2012;53;49;21;11;54;9
1375;28/03/2012;25;28;53;45;14;58
1374;24/03/2012;21;33;28;31;43;6
1373;21/03/2012;52;39;7;27;55;57
1372;17/03/2012;46;60;58;36;40;3
1371;14/03/2012;47;11;8;49;3;4
1370;10/03/2012;2;27;59;49;4;5
1369;07/03/2012;32;24;16;38;5;46
1368;03/03/2012;10;26;29;38;32;21
1367;01/03/2012;38;29;43;13;7;2
1366;25/02/2012;59;44;54;37;27;12
1365;22/02/2012;50;35;32;26;2;24
1364;18/02/2012;20;13;40;10;53;44
1363;15/02/2012;52;25;42;45;35;57
1362;11/02/2012;58;19;12;22;2;36
1361;08/02/2012;37;27;44;30;38;23
1360;04/02/2012;50;25;17;16;54;2
1359;01/02/2012;12;17;28;53;6;10
1358;28/01/2012;16;15;37;3;35;47
1357;25/01/2012;55;52;26;19;1;24
1356;21/01/2012;21;46;6;22;13;31
1355;18/01/2012;39;49;11;24;17;46
1354;14/01/2012;2;42;8;49;48;38
1353;11/01/2012;47;11;3;27;32;13
1352;07/01/2012;35;59;36;9;18;24
1351;04/01/2012;13;50;41;36;56;33
1350;31/12/2011;4;36;29;55;45;3
1349;24/12/2011;9;19;20;50;60;51
1348;22/12/2011;38;45;39;7;12;56
1347;20/12/2011;19;45;54;56;46;9
1346;17/12/2011;59;47;32;48;40;12
1345;14/12/2011;50;40;26;7;19;17
1344;10/12/2011;19;42;8;36;21;59
1343;07/12/2011;51;31;42;20;56;19
1342;03/12/2011;5;60;46;42;50;7
1341;30/11/2011;11;40;37;20;1;52
1340;26/11/2011;36;21;13;59;60;30
1339;23/11/2011;59;10;16;14;7;54
1338;19/11/2011;19;33;18;43;60;1
1337;16/11/2011;38;2;45;35;20;51
1336;12/11/2011;51;54;32;1;38;47
1335;09/11/2011;49;3;51;20;22;14
1334;05/11/2011;8;25;27;6;10;1
1333;03/11/2011;25;51;26;42;28;33
1332;29/10/2011;5;13;3;24;35;59
1331;26/10/2011;24;46;39;57;26;9
1330;22/10/2011;48;8;21;18;49;30
1329;19/10/2011;43;50;8;7;39;11
1328;15/10/2011;43;27;59;53;23;10
1327;13/10/2011;41;35;36;16;52;54
1326;08/10/2011;30;19;10;18;50;11
1325;05/10/2011;35;2;20;43;5;16
1324;01/10/2011;29;44;51;31;18;57
1323;28/09/2011;25;37;15;6;48;55
1322;24/09/2011;55;43;21;10;47;53
1321;21/09/2011;51;59;47;10;60;53
1320;17/09/2011;38;17;55;41;24;25
1319;14/09/2011;16;4;18;27;5;51
1318;10/09/2011;34;46;14;28;11;16
1317;08/09/2011;35;29;37;13;6;30
1316;03/09/2011;48;34;25;42;13;8
1315;31/08/2011;27;29;1;50;52;38
1314;27/08/2011;42;44;52;58;60;38
1313;24/08/2011;39;26;49;1;4;43
1312;20/08/2011;28;30;29;22;20;5
1311;17/08/2011;54;7;19;12;45;9
1310;13/08/2011;14;8;53;9;59;32
1309;11/08/2011;7;12;25;26;32;39
1308;09/08/2011;24;33;7;30;47;8
1307;06/08/2011;10;47;54;7;43;32
1306;03/08/2011;45;6;19;34;43;22
1305;30/07/2011;44;11;5;46;36;3
1304;27/07/2011;35;23;15;7;20;14
1303;23/07/2011;19;51;54;8;52;46
1302;20/07/2011;44;15;56;2;10;57
1301;16/07/2011;16;25;3;51;23;56
1300;13/07/2011;46;43;59;54;44;53
1299;09/07/2011;56;32;8;22;43;53
1298;06/07/2011;60;14;53;30;15;55
1297;02/07/2011;2;56;11;5;59;13
1296;29/06/2011;49;43;14;10;53;46
1295;25/06/2011;20;2;43;15;5;57
1294;22/06/2011;6;50;4;48;29;51
1293;18/06/2011;24;50;1;44;13;40
1292;15/06/2011;30;31;23;9;54;11
1291;11/06/2011;18;57;58;40;47;54
1290;08/06/2011;14;50;3;23;2;34
1289;04/06/2011;13;8;27;1;3;52
1288;01/06/2011;42;32;56;40;30;17
1287;28/05/2011;33;42;12;31;11;52
1286;25/05/2011;5;52;2;33;51;28
1285;21/05/2011;33;10;15;38;31;28
1284;18/05/2011;26;21;20;36;31;29
1283;14/05/2011;59;8;60;44;40;30
1282;11/05/2011;4;39;56;23;52;55
1281;07/05/2011;36;14;30;38;11;8
1280;04/05/2011;29;6;54;10;20;16
1279;30/04/2011;8;29;36;35;14;40
1278;27/04/2011;4;16;24;56;25;30
1277;23/04/2011;50;59;18;31;60;12
1276;20/04/2011;9;40;5;22;36;11
1275;16/04/2011;58;55;14;2;60;48
1274;13/04/2011;13;59;21;17;40;39
1273;09/04/2011;60;26;19;58;13;40
1272;06/04/2011;28;27;13;35;26;52
1271;02/04/2011;2;52;39;59;48;1
1270;30/03/2011;31;33;24;5;42;9
1269;26/03/2011;51;5;27;4;15;17
1268;23/03/2011;17;53;60;44;16;3
1267;19/03/2011;47;58;4;41;20;30
1266;16/03/2011;39;6;42;10;60;33
1265;12/03/2011;13;50;46;24;60;19
1264;09/03/2011;56;17;37;51;4;36
1263;05/03/2011;41;53;18;4;36;26
1262;02/03/2011;11;39;9;5;8;7
1261;26/02/2011;10;41;14;22;53;42
1260;23/02/2011;19;23;31;53;29;41
1259;19/02/2011;39;54;58;46;4;6
1258;16/02/2011;47;26;11;57;59;55
1257;12/02/2011;27;15;30;52;26;2
1256;09/02/2011;26;38;33;35;53;43
1255;05/02/2011;23;5;54;39;38;51
1254;02/02/2011;9;29;18;7;14;39
1253;29/01/2011;2;51;17;44;43;23
1252;26/01/2011;35;2;51;14;49;39
1251;22/01/2011;48;27;34;52;46;5
1250;19/01/2011;59;1;2;40;51;24
1249;15/01/2011;3;40;8;53;51;36
1248;12/01/2011;20;33;58;34;57;60
1247;08/01/2011;9;11;24;3;51;36
1246;05/01/2011;59;10;37;57;40;43
1245;31/12/2010;34;10;37;50;43;2
1244;24/12/2010;45;8;34;15;2;25
1243;22/12/2010;32;19;23;57;9;29
1242;20/12/2010;54;45;51;11;34;48
1241;18/12/2010;13;26;25;10;28;45
1240;15/12/2010;22;42;49;8;12;9
1239;11/12/2010;15;1;48;37;39;52
1238;08/12/2010;40;45;24;14;13;39
1237;04/12/2010;26;21;39;5;18;59
1236;01/12/2010;17;20;38;8;53;3
1235;27/11/2010;16;49;55;20;10;26
1234;24/11/2010;3;5;24;19;30;35
1233;20/11/2010;49;22;59;29;32;54
1232;17/11/2010;12;18;15;8;11;22
1231;13/11/2010;20;27;49;5;23;39
1230;10/11/2010;37;35;12;22;19;9
1229;06/11/2010;12;49;60;32;30;40
1228;03/11/2010;36;10;60;52;50;23
1227;30/10/2010;35;31;4;30;54;28
1226;27/10/2010;31;55;56;50;40;10
1225;23/10/2010;32;55;34;31;50;40
1224;20/10/2010;41;19;57;53;21;27
1223;16/10/2010;17;15;48;42;35;47
1222;13/10/2010;26;19;48;57;5;8
1221;09/10/2010;46;5;58;37;14;43
1220;06/10/2010;48;55;52;43;5;15
1219;02/10/2010;34;37;41;53;2;33
1218;29/09/2010;33;23;29;46;10;31
1217;25/09/2010;5;43;28;15;11;50
1216;22/09/2010;7;25;4;58;13;27
1215;18/09/2010;47;51;10;50;30;25
1214;15/09/2010;5;41;29;36;30;48
1213;11/09/2010;3;53;45;11;34;26
1212;08/09/2010;35;50;2;23;33;40
1211;04/09/2010;36;54;3;31;15;48
1210;01/09/2010;3;7;9;10;31;34
1209;28/08/2010;30;17;38;14;5;35
1208;25/08/2010;45;12;1;26;54;20
1207;21/08/2010;32;35;22;9;56;11
1206;18/08/2010;2;11;37;36;48;6
1205;14/08/2010;14;4;26;35;29;13
1204;11/08/2010;10;25;5;39;52;43
1203;07/08/2010;55;30;33;9;7;38
1202;04/08/2010;9;60;11;53;48;8
1201;31/07/2010;36;32;55;49;60;28
1200;28/07/2010;10;3;39;54;56;11
1199;24/07/2010;58;28;23;39;16;19
1198;21/07/2010;29;22;36;58;41;48
1197;17/07/2010;39;54;36;37;60;49
1196;14/07/2010;60;3;20;19;58;6
1195;10/07/2010;27;17;57;26;55;20
1194;07/07/2010;24;53;41;6;13;50
1193;03/07/2010;12;54;2;32;14;9
1192;30/06/2010;49;17;20;59;57;52
1191;26/06/2010;25;22;11;16;33;3
1190;23/06/2010;11;53;56;37;10;19
1189;19/06/2010;50;21;14;35;31;27
1188;16/06/2010;60;52;59;9;44;20
1187;12/06/2010;8;49;43;17;40;19
1186;09/06/2010;41;12;15;7;13;8
1185;05/06/2010;54;10;2;43;21;35
1184;02/06/2010;4;23;27;28;9;30
1183;29/05/2010;12;5;10;20;29;37
1182;26/05/2010;52;29;56;60;2;4
1181;22/05/2010;44;18;45;31;26;20
1180;19/05/2010;60;12;34;30;44;57
1179;15/05/2010;59;28;47;60;22;5
1178;12/05/2010;1;53;22;50;45;30
1177;08/05/2010;33;52;55;47;38;50
1176;05/05/2010;21;11;49;14;33;30
1175;30/04/2010;2;3;12;37;47;16
1174;28/04/2010;7;52;6;51;47;39
1173;24/04/2010;7;25;24;36;5;47
1172;20/04/2010;28;52;6;43;12;56
1171;17/04/2010;41;3;10;30;57;13
1170;14/04/2010;46;11;27;34;49;13
1169;10/04/2010;14;1;11;23;42;48
1168;07/04/2010;47;20;4;56;53;5
1167;03/04/2010;43;28;56;20;52;51
1166;31/03/2010;35;28;54;30;22;31
1165;27/03/2010;20;52;60;42;54;40
1164;24/03/2010;17;6;14;40;49;26
1163;20/03/2010;5;51;31;53;47;17
1162;17/03/2010;31;25;18;41;22;30
1161;13/03/2010;48;47;7;4;42;51
1160;10/03/2010;40;5;3;48;1;18
1159;06/03/2010;53;46;5;6;34;55
1158;03/03/2010;23;31;60;55;30;54
1157;27/02/2010;46;9;43;41;49;29
1156;24/02/2010;31;49;44;24;9;48
1155;20/02/2010;28;58;41;40;51;20
1154;17/02/2010;4;14;21;26;12;28
1153;13/02/2010;55;46;34;17;19;6
1152;10/02/2010;47;36;44;29;20;14
1151;06/02/2010;1;25;4;14;21;51
1150;03/02/2010;28;17;35;52;31;15
1149;30/01/2010;46;54;8;36;7;23
1148;27/01/2010;48;32;29;55;27;28
1147;23/01/2010;23;39;52;31;6;33
1146;20/01/2010;10;34;53;33;28;6
1145;16/01/2010;19;3;60;33;24;16
1144;13/01/2010;19;10;49;18;1;44
1143;09/01/2010;35;47;60;44;30;3
1142;06/01/2010;28;31;15;58;3;26
1141;02/01/2010;40;9;37;58;50;60
1140;31/12/2009;49;58;40;46;10;27
1139;26/12/2009;36;42;37;9;28;31
1138;24/12/2009;4;25;18;15;36;2
1137;22/12/2009;21;28;19;25;50;43
1136;19/12/2009;7;31;32;37;43;34
1135;16/12/2009;5;4;19;39;6;23
1134;12/12/2009;29;36;56;22;9;51
1133;09/12/2009;16;5;58;39;10;21
1132;05/12/2009;52;30;27;12;55;33
1131;02/12/2009;49;34;36;1;16;8
1130;28/11/2009;23;49;32;54;18;5
1129;25/11/2009;47;19;17;12;32;55
1128;21/11/2009;60;8;39;52;24;16
1127;18/11/2009;24;8;14;5;29;30
1126;14/11/2009;59;31;57;4;52;42
1125;11/11/2009;7;42;56;29;33;3
1124;07/11/2009;49;11;7;18;16;33
1123;04/11/2009;19;4;39;14;45;60
1122;31/10/2009;49;44;56;26;46;55
1121;28/10/2009;18;4;59;54;56;17
1120;24/10/2009;50;55;7;35;44;40
1119;21/10/2009;44;54;41;45;34;10
1118;17/10/2009;55;44;8;20;43;21
1117;14/10/2009;27;35;40;1;6;17
1116;10/10/2009;17;20;4;47;9;13
1115;07/10/2009;44;41;18;50;37;30
1114;03/10/2009;16;3;22;54;25;15
1113;30/09/2009;47;36;29;59;3;6
1112;26/09/2009;4;34;52;32;58;43
1111;23/09/2009;4;43;25;9;33;32
1110;19/09/2009;26;45;6;28;42;14
1109;16/09/2009;11;52;14;6;29;8
1108;12/09/2009;60;44;7;39;43;9
1107;09/09/2009;36;20;54;9;3;53
1106;05/09/2009;4;15;50;60;43;47
1105;02/09/2009;43;1;50;28;57;15
1104;29/08/2009;3;35;58;49;2;6
1103;26/08/2009;41;19;10;28;55;56
1102;22/08/2009;46;23;9;35;11;51
1101;19/08/2009;7;12;57;6;24;10
1100;15/08/2009;41;33;17;18;7;42
1099;12/08/2009;55;44;38;35;14;31
1098;08/08/2009;30;20;21;11;50;52
1097;05/08/2009;21;48;33;1;56;17
1096;01/08/2009;3;41;52;14;13;16
1095;29/07/2009;27;23;36;10;21;16
1094;25/07/2009;10;9;48;36;41;21
1093;22/07/2009;27;49;38;23;41;19
1092;18/07/2009;40;30;1;9;33;34
1091;15/07/2009;27;56;17;24;49;23
1090;11/07/2009;24;9;40;20;36;42
1089;08/07/2009;37;48;32;2;18;20
1088;04/07/2009;24;42;35;31;6;57
1087;01/07/2009;36;46;28;32;3;20
1086;27/06/2009;45;4;6;23;10;2
1085;24/06/2009;39;50;21;12;40;55
1084;20/06/2009;20;5;29;59;40;33
1083;17/06/2009;20;28;42;23;10;43
1082;13/06/2009;4;40;50;17;55;38
1081;10/06/2009;9;56;29;52;16;24
1080;06/06/2009;56;11;20;41;34;18
1079;03/06/2009;36;12;37;24;5;28
1078;30/05/2009;3;6;45;34;41;43
1077;27/05/2009;11;6;18;5;37;9
1076;23/05/2009;32;33;10;19;42;4
1075;20/05/2009;53;39;16;21;10;12
1074;16/05/2009;3;47;10;50;29;23
1073;13/05/2009;44;36;32;8;34;25
1072;09/05/2009;19;18;54;47;43;9
1071;06/05/2009;5;37;43;7;53;54
1070;02/05/2009;41;53;8;23;5;16
1069;29/04/2009;28;17;49;53;45;9
1068;25/04/2009;44;48;25;57;27;47
1067;22/04/2009;14;10;56;25;4;28
1066;18/04/2009;10;43;49;32;25;6
1065;15/04/2009;7;57;19;43;39;30
1064;11/04/2009;28;4;19;16;49;29
1063;08/04/2009;49;1;22;47;44;50
1062;04/04/2009;55;8;2;37;23;33
1061;01/04/2009;9;41;56;23;21;30
1060;28/03/2009;1;41;3;18;16;42
1059;25/03/2009;37;1;14;45;12;16
1058;21/03/2009;20;51;57;45;24;18
1057;18/03/2009;15;49;59;4;3;2
1056;14/03/2009;38;8;50;53;59;6
1055;11/03/2009;27;32;15;12;20;16
1054;07/03/2009;41;27;13;60;14;18
1053;04/03/2009;15;42;27;53;34;49
1052;28/02/2009;8;11;16;15;57;52
1051;25/02/2009;57;11;7;43;10;13
1050;21/02/2009;60;14;45;24;33;26
1049;18/02/2009;34;17;52;5;2;29
1048;14/02/2009;57;3;38;21;28;16
1047;11/02/2009;1;2;10;48;14;8
1046;07/02/2009;57;40;28;42;54;55
1045;04/02/2009;31;6;5;17;50;1
1044;31/01/2009;58;10;39;11;13;35
1043;28/01/2009;25;14;51;48;60;21
1042;24/01/2009;25;46;51;18;13;30
1041;21/01/2009;12;10;36;54;44;57
1040;17/01/2009;44;1;28;55;6;39
1039;14/01/2009;52;2;20;27;36;24
1038;10/01/2009;51;7;6;28;35;43
1037;07/01/2009;56;36;4;44;46;53
1036;03/01/2009;27;39;36;10;41;52
1035;31/12/2008;51;60;1;11;59;26
1034;27/12/2008;20;42;1;3;49;18
1033;24/12/2008;39;6;5;33;54;17
1032;20/12/2008;57;43;15;29;26;16
1031;17/12/2008;49;33;24;40;46;43
1030;13/12/2008;57;8;54;1;23;37
1029;10/12/2008;17;5;16;24;20;32
1028;06/12/2008;54;26;34;51;20;52
1027;03/12/2008;20;18;47;44;60;33
1026;29/11/2008;10;33;51;53;6;17
1025;26/11/2008;52;40;29;27;28;10
1024;22/11/2008;28;53;18;39;22;29
1023;19/11/2008;45;40;2;7;18;8
1022;16/11/2008;31;21;40;39;56;5
1021;12/11/2008;42;55;51;43;2;33
1020;08/11/2008;19;32;52;1;2;39
1019;05/11/2008;29;47;4;13;46;23
1018;01/11/2008;55;51;58;9;44;24
1017;29/10/2008;31;51;19;6;56;34
1016;25/10/2008;11;9;25;5;60;20
1015;22/10/2008;49;8;28;3;26;17
1014;18/10/2008;60;57;9;25;8;41
1013;15/10/2008;7;9;20;41;12;19
1012;11/10/2008;47;19;58;14;40;55
1011;08/10/2008;30;2;52;21;11;35
1010;04/10/2008;2;46;3;37;13;54
1009;01/10/2008;34;12;1;6;58;29
1008;27/09/2008;7;15;42;48;34;13
1007;24/09/2008;49;27;4;36;52;37
1006;20/09/2008;48;17;4;33;55;2
1005;17/09/2008;6;41;4;37;12;42
1004;13/09/2008;45;47;29;40;44;43
1003;10/09/2008;10;27;23;5;16;26
1002;06/09/2008;3;31;7;25;40;58
1001;03/09/2008;15;37;27;12;60;51
1000;30/08/2008;49;58;53;39;38;29
999;27/08/2008;44;36;55;58;18;24
998;23/08/2008;28;21;4;32;3;22
997;20/08/2008;18;53;55;32;9;17
996;16/08/2008;21;23;20;7;29;15
995;13/08/2008;4;54;55;36;16;31
994;09/08/2008;44;40;58;29;3;20
993;06/08/2008;26;25;42;60;5;24
992;02/08/2008;6;8;4;1;25;28
991;30/07/2008;8;38;60;41;15;9
990;26/07/2008;29;18;2;15;10;39
989;23/07/2008;38;21;27;2;29;32
988;19/07/2008;48;17;46;56;60;8
987;16/07/2008;47;27;13;31;34;58
986;12/07/2008;32;6;31;24;15;19
985;09/07/2008;4;56;18;59;46;16
984;05/07/2008;46;20;4;43;47;10
983;02/07/2008;38;45;40;16;32;22
982;28/06/2008;12;24;8;40;43;49
981;25/06/2008;8;41;53;1;58;34
980;21/06/2008;35;17;59;15;36;29
979;18/06/2008;28;3;39;51;31;15
978;14/06/2008;42;58;12;18;16;27
977;11/06/2008;17;3;9;32;7;5
976;07/06/2008;28;53;38;23;14;25
975;04/06/2008;33;9;37;40;41;30
974;31/05/2008;45;20;38;31;16;12
973;28/05/2008;53;36;8;30;1;47
972;24/05/2008;33;18;15;56;31;34
971;21/05/2008;4;14;33;44;11;45
970;17/05/2008;57;34;5;54;28;21
969;14/05/2008;56;35;50;13;41;25
968;10/05/2008;30;4;13;60;51;1
967;07/05/2008;18;14;57;30;13;5
966;03/05/2008;1;58;26;28;4;41
965;30/04/2008;36;39;57;58;5;30
964;26/04/2008;42;13;33;20;8;26
963;23/04/2008;37;17;15;50;48;59
962;19/04/2008;2;48;49;40;55;11
961;16/04/2008;16;53;2;4;21;36
960;12/04/2008;34;6;33;18;53;19
959;09/04/2008;57;3;5;11;33;39
958;05/04/2008;13;22;7;33;51;48
957;02/04/2008;50;32;25;34;57;24
956;29/03/2008;46;51;47;59;54;57
955;26/03/2008;35;5;32;21;33;12
954;22/03/2008;8;5;24;18;57;33
953;19/03/2008;55;48;1;39;16;42
952;15/03/2008;54;11;27;18;2;30
951;12/03/2008;49;24;39;34;55;14
950;08/03/2008;48;59;49;41;42;23
949;05/03/2008;44;1;51;52;41;23
948;01/03/2008;22;44;41;46;52;54
947;27/02/2008;33;11;3;58;14;5
946;23/02/2008;59;1;47;5;52;12
945;20/02/2008;44;8;59;54;4;27
944;16/02/2008;16;58;43;37;52;59
943;13/02/2008;47;41;58;3;23;12
942;09/02/2008;5;52;18;8;59;42
941;06/02/2008;11;15;10;27;60;53
940;02/02/2008;25;33;51;31;5;37
939;30/01/2008;6;23;19;50;37;49
938;26/01/2008;35;15;27;57;50;59
937;23/01/2008;22;41;2;30;21;52
936;19/01/2008;5;33;14;29;44;22
935;16/01/2008;7;45;18;13;29;31
934;12/01/2008;25;48;44;3;21;1
933;09/01/2008;25;39;45;51;8;14
932;05/01/2008;2;21;42;53;36;17
931;31/12/2007;17;34;7;36;39;19
930;22/12/2007;46;20;55;37;28;49
929;19/12/2007;16;49;35;39;57;27
928;15/12/2007;32;10;49;60;4;33
927;12/12/2007;36;26;31;23;19;33
926;08/12/2007;40;41;34;33;21;59
925;05/12/2007;52;37;46;8;22;36
924;01/12/2007;51;27;60;21;20;2
923;28/11/2007;53;39;2;50;57;15
922;24/11/2007;41;49;45;19;13;12
921;21/11/2007;35;41;1;57;9;48
920;17/11/2007;17;57;55;24;52;5
919;14/11/2007;43;25;41;60;31;3
918;10/11/2007;38;44;8;4;12;52
917;07/11/2007;23;59;25;47;46;30
916;03/11/2007;33;37;5;38;28;36
915;31/10/2007;20;28;49;26;17;48
914;27/10/2007;33;51;9;23;45;12
913;24/10/2007;30;14;59;36;46;38
912;20/10/2007;26;21;54;4;19;29
911;17/10/2007;49;46;1;29;6;28
910;13/10/2007;53;29;36;3;15;27
909;10/10/2007;42;17;26;38;28;22
908;06/10/2007;19;1;9;25;50;52
907;03/10/2007;9;41;53;37;36;51
906;29/09/2007;35;39;29;24;7;14
905;26/09/2007;4;15;57;55;2;16
904;22/09/2007;32;44;59;53;48;51
903;19/09/2007;17;5;32;55;20;41
902;15/09/2007;52;55;23;50;58;18
901;12/09/2007;32;34;16;13;56;33
900;08/09/2007;4;21;59;18;38;34
899;05/09/2007;58;18;54;36;53;20
898;01/09/2007;4;8;3;54;45;30
897;29/08/2007;21;57;46;22;7;43
896;25/08/2007;31;11;41;35;22;5
895;22/08/2007;2;55;41;43;57;58
894;18/08/2007;37;24;44;28;20;41
893;15/08/2007;56;53;51;26;18;3
892;11/08/2007;1;49;52;42;19;44
891;08/08/2007;15;22;19;35;34;16
890;04/08/2007;9;21;22;7;17;54
889;01/08/2007;34;54;20;39;60;24
888;28/07/2007;50;24;40;54;52;60
887;25/07/2007;44;12;32;21;1;34
886;21/07/2007;50;55;37;33;59;17
885;18/07/2007;13;4;31;33;47;51
884;14/07/2007;22;11;2;14;39;12
883;11/07/2007;21;37;60;32;52;53
882;07/07/2007;42;45;44;60;41;17
881;04/07/2007;43;24;4;51;18;56
880;30/06/2007;51;30;49;25;37;46
879;27/06/2007;29;10;46;35;42;28
878;23/06/2007;37;12;43;38;11;54
877;20/06/2007;13;15;20;31;28;36
876;16/06/2007;4;12;41;45;60;8
875;13/06/2007;53;18;36;58;24;20
874;09/06/2007;59;20;52;42;44;10
873;06/06/2007;57;59;4;34;19;30
872;02/06/2007;18;55;58;43;31;5
871;30/05/2007;17;5;58;1;47;10
870;26/05/2007;52;8;43;34;40;21
869;23/05/2007;29;42;50;51;49;27
868;19/05/2007;57;51;21;22;25;40
867;16/05/2007;54;26;28;19;44;10
866;12/05/2007;36;48;27;40;5;46
865;09/05/2007;27;23;41;51;26;53
864;05/05/2007;31;11;33;42;57;8
863;02/05/2007;32;53;50;57;15;24
862;28/04/2007;19;35;12;2;11;8
861;25/04/2007;42;40;60;59;47;39
860;23/04/2007;22;8;17;42;44;2
859;18/04/2007;46;47;12;57;34;9
858;14/04/2007;31;37;54;23;4;18
857;11/04/2007;17;59;49;2;3;50
856;07/04/2007;11;40;41;47;15;42
855;04/04/2007;42;3;24;53;43;31
854;31/03/2007;17;3;24;27;44;25
853;28/03/2007;51;30;59;46;38;56
852;24/03/2007;14;38;6;23;44;34
851;21/03/2007;16;32;35;58;19;3
850;17/03/2007;60;22;59;25;44;7
849;14/03/2007;8;39;9;58;44;49
848;10/03/2007;56;34;17;32;47;27
847;07/03/2007;42;14;44;27;15;48
846;03/03/2007;47;54;2;50;3;44
845;28/02/2007;40;48;19;20;14;52
844;24/02/2007;54;24;44;57;34;16
843;17/02/2007;34;48;1;16;45;36
842;14/02/2007;51;44;60;9;7;30
841;10/02/2007;36;51;32;22;38;7
840;07/02/2007;43;29;35;59;31;17
839;03/02/2007;11;18;8;7;37;43
838;31/01/2007;9;30;47;38;23;44
837;27/01/2007;16;5;24;34;6;60
836;24/01/2007;28;22;38;17;52;59
835;20/01/2007;58;31;57;49;33;18
834;17/01/2007;44;10;17;16;51;34
833;13/01/2007;53;58;57;16;46;13
832;10/01/2007;17;49;15;33;39;23
831;06/01/2007;3;50;48;42;32;33
830;03/01/2007;53;51;2;41;13;49
829;31/12/2006;32;50;14;47;10;56
828;23/12/2006;23;50;53;42;28;38
827;21/12/2006;24;56;30;51;42;18
826;19/12/2006;45;6;8;7;53;27
825;16/12/2006;28;21;40;10;41;47
824;13/12/2006;33;48;6;7;20;9
823;09/12/2006;15;26;59;1;54;51
822;06/12/2006;4;17;41;10;27;52
821;02/12/2006;4;29;38;36;33;42
820;29/11/2006;17;45;32;21;10;46
819;25/11/2006;51;5;58;46;25;19
818;22/11/2006;44;41;22;8;9;25
817;18/11/2006;34;43;29;30;10;52
816;16/11/2006;21;47;40;52;30;20
815;11/11/2006;57;50;9;39;37;19
814;08/11/2006;11;2;46;50;8;41
813;04/11/2006;23;15;56;46;9;45
812;01/11/2006;57;39;54;11;38;13
811;28/10/2006;32;57;28;41;10;47
810;25/10/2006;4;33;1;48;5;37
809;21/10/2006;25;23;11;5;30;15
808;18/10/2006;15;21;31;46;2;57
807;14/10/2006;8;27;2;32;56;49
806;12/10/2006;60;41;47;26;35;18
805;07/10/2006;30;2;48;60;43;36
804;04/10/2006;13;59;37;56;3;47
803;30/09/2006;10;57;28;3;5;21
802;27/09/2006;14;24;60;6;18;48
801;23/09/2006;20;22;11;19;48;42
800;20/09/2006;1;7;56;11;37;38
799;16/09/2006;29;35;19;57;42;55
798;13/09/2006;32;9;4;52;29;3
797;09/09/2006;58;48;52;47;12;6
796;06/09/2006;19;24;43;34;39;5
795;02/09/2006;14;36;21;29;26;48
794;30/08/2006;56;47;55;38;42;3
793;26/08/2006;3;51;33;15;16;57
792;23/08/2006;43;56;9;45;29;34
791;19/08/2006;42;35;19;9;14;58
790;16/08/2006;22;2;19;28;43;6
789;12/08/2006;60;39;31;38;6;50
788;09/08/2006;31;57;17;19;29;44
787;05/08/2006;37;31;20;60;34;54
786;02/08/2006;27;31;26;11;10;41
785;29/07/2006;35;5;37;8;48;17
784;26/07/2006;42;56;8;37;27;53
783;22/07/2006;43;21;48;8;4;32
782;19/07/2006;11;23;59;42;35;2
781;15/07/2006;10;54;8;39;56;13
780;12/07/2006;10;50;28;51;59;7
779;08/07/2006;36;54;52;25;29;26
778;05/07/2006;45;20;36;37;31;51
777;01/07/2006;14;50;23;2;28;56
776;28/06/2006;57;35;60;41;3;15
775;24/06/2006;27;12;46;47;42;50
774;21/06/2006;37;5;54;58;46;10
773;17/06/2006;3;5;51;29;34;14
772;14/06/2006;38;51;52;60;10;35
771;10/06/2006;29;46;34;47;21;14
770;07/06/2006;4;34;25;35;48;12
769;03/06/2006;20;21;50;29;12;16
768;31/05/2006;33;37;59;30;4;8
767;27/05/2006;22;50;32;38;54;15
766;24/05/2006;1;50;19;42;24;58
765;21/05/2006;3;37;50;16;30;10
764;18/05/2006;7;3;55;47;53;45
763;13/05/2006;40;47;1;48;9;26
762;10/05/2006;39;9;21;12;37;54
761;06/05/2006;56;29;17;13;27;40
760;03/05/2006;12;17;60;44;46;45
759;29/04/2006;59;39;30;31;48;45
758;26/04/2006;47;59;1;23;36;43
757;22/04/2006;17;32;12;18;58;30
756;19/04/2006;37;50;41;5;38;27
755;15/04/2006;59;30;47;12;4;49
754;12/04/2006;4;42;34;50;3;13
753;08/04/2006;59;35;43;22;7;2
752;05/04/2006;25;4;29;42;24;23
751;01/04/2006;4;25;38;50;20;7
750;29/03/2006;58;17;54;10;42;33
749;25/03/2006;24;47;4;57;48;50
748;22/03/2006;1;7;19;51;35;2
747;18/03/2006;21;23;56;12;3;2
746;15/03/2006;49;12;10;57;25;1
745;11/03/2006;21;57;37;16;43;2
744;08/03/2006;26;46;12;23;39;4
743;04/03/2006;54;20;32;60;25;23
742;01/03/2006;34;17;7;41;2;50
741;25/02/2006;26;39;27;24;59;36
740;22/02/2006;29;47;12;50;16;28
739;18/02/2006;6;45;56;49;35;10
738;15/02/2006;15;30;14;42;26;54
737;11/02/2006;33;12;24;38;11;32
736;08/02/2006;1;21;38;41;56;49
735;04/02/2006;40;42;15;52;38;9
734;01/02/2006;44;45;27;29;43;54
733;28/01/2006;12;26;31;43;46;2
732;25/01/2006;49;19;53;50;17;6
731;21/01/2006;35;6;15;23;28;16
730;18/01/2006;45;15;2;54;16;50
729;14/01/2006;33;56;18;57;43;5
728;11/01/2006;44;42;13;8;24;32
727;07/01/2006;14;42;12;4;59;30
726;04/01/2006;40;47;1;5;7;37
725;31/12/2005;49;9;3;35;37;41
724;21/12/2005;34;51;55;17;48;27
723;17/12/2005;16;6;52;1;36;50
722;14/12/2005;60;36;57;18;44;9
721;10/12/2005;14;3;23;55;36;25
720;07/12/2005;12;56;44;51;31;54
719;03/12/2005;39;47;37;53;32;3
718;30/11/2005;7;35;21;39;58;33
717;26/11/2005;28;35;41;17;6;23
716;23/11/2005;29;2;7;50;16;32
715;19/11/2005;54;36;12;4;33;24
714;16/11/2005;17;53;39;8;7;35
713;12/11/2005;46;1;26;16;12;54
712;09/11/2005;35;7;53;58;8;43
711;05/11/2005;10;5;41;59;40;33
710;29/10/2005;46;25;5;49;39;34
709;26/10/2005;29;22;44;9;6;4
708;22/10/2005;45;13;39;47;9;7
707;19/10/2005;51;8;1;43;10;36
706;15/10/2005;22;10;17;7;2;60
705;08/10/2005;3;15;11;13;26;43
704;05/10/2005;2;27;50;34;18;4
703;01/10/2005;30;24;2;45;11;27
702;28/09/2005;1;56;18;58;45;57
701;24/09/2005;13;1;31;23;60;48
700;21/09/2005;2;3;24;40;31;14
699;19/09/2005;53;17;50;23;54;48
698;14/09/2005;22;8;27;43;55;12
697;10/09/2005;53;35;32;31;28;51
696;03/09/2005;37;16;34;57;53;9
695;31/08/2005;13;40;21;52;6;11
694;27/08/2005;15;19;29;53;37;41
693;24/08/2005;14;50;41;17;31;13
692;20/08/2005;33;18;60;11;58;57
691;17/08/2005;55;16;58;8;37;50
690;13/08/2005;15;41;8;47;12;53
689;10/08/2005;6;60;7;31;49;51
688;06/08/2005;47;30;52;11;21;35
687;03/08/2005;59;48;1;7;41;14
686;30/07/2005;33;5;4;54;15;26
685;27/07/2005;33;27;5;56;12;43
684;23/07/2005;50;37;33;40;19;17
683;20/07/2005;43;40;12;11;2;35
682;16/07/2005;60;37;47;36;4;27
681;13/07/2005;59;21;53;25;58;38
680;09/07/2005;44;2;26;5;3;22
679;06/07/2005;37;21;54;3;58;25
678;02/07/2005;44;46;31;14;40;42
677;29/06/2005;25;10;48;8;32;55
676;25/06/2005;49;32;15;9;41;42
675;22/06/2005;50;42;30;25;43;24
674;18/06/2005;22;32;18;29;42;38
673;15/06/2005;6;40;37;11;20;34
672;11/06/2005;43;34;53;38;28;24
671;08/06/2005;27;16;39;51;9;38
670;04/06/2005;42;59;58;37;48;22
669;01/06/2005;7;41;24;40;49;27
668;28/05/2005;49;33;56;2;14;1
667;25/05/2005;5;23;16;4;49;1
666;21/05/2005;7;26;16;29;45;55
665;18/05/2005;8;47;7;48;25;18
664;14/05/2005;12;1;55;59;38;36
663;11/05/2005;1;49;30;55;27;51
662;07/05/2005;4;60;56;25;18;23
661;04/05/2005;42;40;27;4;55;36
660;30/04/2005;53;5;38;54;46;11
659;27/04/2005;14;29;40;34;51;52
658;23/04/2005;41;20;36;3;11;6
657;20/04/2005;20;59;58;33;60;16
656;16/04/2005;59;37;46;36;35;51
655;13/04/2005;26;39;1;37;43;48
654;09/04/2005;10;11;56;40;41;6
653;06/04/2005;31;24;19;34;9;5
652;02/04/2005;24;18;57;56;10;20
651;30/03/2005;39;45;28;26;48;60
650;26/03/2005;53;59;25;29;10;24
649;23/03/2005;9;54;41;48;33;24
648;19/03/2005;5;48;23;42;45;29
647;16/03/2005;56;19;11;14;12;54
646;12/03/2005;13;47;60;32;49;10
645;09/03/2005;52;48;24;53;54;3
644;05/03/2005;57;29;31;27;34;14
643;02/03/2005;14;45;24;37;40;42
642;26/02/2005;51;17;56;36;44;40
641;23/02/2005;17;13;33;9;1;34
640;19/02/2005;12;42;59;46;19;60
639;16/02/2005;51;39;35;60;45;13
638;12/02/2005;42;10;50;41;11;36
637;05/02/2005;52;58;43;48;11;18
636;02/02/2005;30;32;34;50;28;26
635;29/01/2005;49;42;37;8;20;26
634;26/01/2005;13;41;24;42;10;56
633;22/01/2005;27;46;5;50;11;22
632;19/01/2005;2;54;48;51;19;28
631;15/01/2005;1;28;47;20;44;32
630;12/01/2005;16;53;20;60;12;45
629;08/01/2005;40;47;39;16;51;15
628;05/01/2005;8;16;22;56;58;30
627;29/12/2004;19;13;45;58;56;1
626;22/12/2004;49;8;22;18;7;39
625;18/12/2004;59;12;32;42;24;40
624;15/12/2004;39;23;34;52;8;43
623;11/12/2004;42;23;55;30;9;49
622;08/12/2004;59;27;19;29;50;38
621;04/12/2004;29;31;50;26;57;49
620;01/12/2004;22;1;29;13;32;3
619;27/11/2004;16;12;46;14;8;19
618;24/11/2004;60;10;3;8;24;13
617;20/11/2004;25;5;49;36;33;3
616;17/11/2004;24;16;26;54;12;2
615;13/11/2004;27;31;8;10;51;5
614;10/11/2004;60;31;12;48;57;16
613;06/11/2004;54;55;13;44;6;19
612;03/11/2004;55;33;15;50;53;18
611;30/10/2004;22;21;33;16;48;49
610;27/10/2004;25;49;30;43;47;45
609;23/10/2004;15;2;59;60;6;58
608;20/10/2004;30;6;37;19;24;13
607;16/10/2004;6;59;11;27;19;41
606;13/10/2004;41;6;23;55;32;35
605;09/10/2004;44;52;53;4;49;24
604;06/10/2004;41;49;51;25;15;46
603;02/10/2004;4;8;11;29;12;44
602;29/09/2004;38;60;13;7;55;46
601;25/09/2004;37;19;29;30;10;22
600;22/09/2004;18;39;54;34;31;16
599;18/09/2004;6;45;51;9;23;4
598;15/09/2004;5;16;53;38;50;34
597;11/09/2004;42;40;27;22;56;29
596;08/09/2004;43;60;28;11;54;14
595;04/09/2004;54;2;43;1;50;25
594;01/09/2004;10;53;55;29;13;47
593;28/08/2004;27;29;1;59;25;49
592;25/08/2004;55;14;59;47;13;42
591;21/08/2004;58;3;18;50;34;1
590;18/08/2004;25;51;5;18;4;28
589;14/08/2004;13;7;33;59;6;8
588;11/08/2004;45;13;46;55;53;11
587;07/08/2004;30;2;36;18;60;29
586;04/08/2004;45;38;13;11;54;39
585;31/07/2004;24;39;12;33;57;36
584;28/07/2004;30;53;23;7;32;8
583;24/07/2004;55;6;41;20;43;7
582;21/07/2004;13;40;29;59;45;51
581;17/07/2004;30;25;52;14;39;17
580;14/07/2004;38;16;18;28;15;47
579;10/07/2004;15;34;39;17;4;9
578;07/07/2004;48;3;58;18;56;23
577;03/07/2004;31;47;28;23;8;24
576;30/06/2004;18;43;52;39;7;8
575;26/06/2004;18;29;21;48;35;5
574;23/06/2004;32;23;2;10;44;17
573;19/06/2004;59;29;17;6;40;22
572;16/06/2004;33;3;20;60;9;16
571;12/06/2004;14;31;12;13;51;50
570;09/06/2004;35;32;36;33;51;15
569;05/06/2004;32;15;14;9;3;57
568;02/06/2004;25;41;17;29;13;22
567;29/05/2004;57;58;11;38;41;31
566;26/05/2004;17;6;20;18;13;37
565;22/05/2004;31;37;35;7;45;34
564;19/05/2004;38;13;32;20;10;49
563;15/05/2004;34;8;23;44;51;5
562;12/05/2004;37;35;23;16;57;55
561;08/05/2004;39;49;36;20;55;1
560;05/05/2004;32;18;11;30;2;58
559;01/05/2004;53;25;36;13;17;6
558;28/04/2004;59;57;7;58;31;14
557;24/04/2004;18;49;38;23;8;12
556;21/04/2004;8;45;30;33;17;10
555;17/04/2004;49;5;23;33;45;31
554;14/04/2004;47;29;31;15;60;42
553;10/04/2004;43;46;58;53;54;4
552;07/04/2004;22;54;52;47;49;9
551;03/04/2004;56;48;57;21;12;46
550;31/03/2004;17;56;16;38;39;45
549;27/03/2004;13;51;58;22;46;8
548;24/03/2004;51;49;14;47;59;58
547;20/03/2004;4;59;13;53;28;30
546;17/03/2004;46;4;54;17;13;5
545;13/03/2004;43;35;57;29;40;17
544;10/03/2004;11;33;56;47;17;34
543;06/03/2004;35;54;37;42;49;46
542;03/03/2004;49;4;19;28;35;6
541;28/02/2004;58;57;27;13;49;52
540;21/02/2004;22;4;30;44;28;49
539;18/02/2004;16;50;55;6;47;19
538;14/02/2004;45;43;56;25;52;3
537;11/02/2004;37;3;19;34;39;7
536;07/02/2004;14;22;25;15;37;23
535;04/02/2004;49;14;47;56;6;28
534;31/01/2004;48;57;23;8;31;3
533;28/01/2004;27;18;13;59;21;53
532;24/01/2004;13;4;12;53;9;52
531;21/01/2004;3;1;35;7;18;50
530;17/01/2004;32;21;25;1;6;49
529;14/01/2004;56;45;13;33;38;1
528;10/01/2004;34;28;37;12;8;31
527;07/01/2004;17;14;50;52;6;26
526;03/01/2004;3;59;21;36;55;31
525;27/12/2003;26;32;24;49;8;10
524;20/12/2003;47;29;34;48;19;41
523;17/12/2003;45;58;40;39;28;44
522;13/12/2003;49;52;15;25;14;6
521;10/12/2003;28;32;38;25;15;45
520;06/12/2003;32;34;17;35;9;12
519;03/12/2003;9;36;15;19;42;22
518;29/11/2003;44;8;5;15;18;10
517;26/11/2003;51;32;8;28;38;7
516;22/11/2003;24;5;34;13;35;33
515;19/11/2003;39;16;57;15;45;48
514;15/11/2003;15;52;40;36;51;42
513;12/11/2003;46;10;27;19;33;39
512;08/11/2003;8;40;58;4;53;31
511;05/11/2003;8;36;34;37;3;4
510;01/11/2003;30;45;58;1;4;41
509;29/10/2003;32;55;34;35;28;33
508;25/10/2003;46;56;5;15;45;10
507;22/10/2003;44;58;5;27;33;3
506;18/10/2003;31;37;34;15;38;4
505;15/10/2003;47;20;52;3;46;28
504;11/10/2003;39;19;11;8;50;30
503;08/10/2003;10;21;48;27;49;7
502;04/10/2003;50;7;33;21;24;13
501;01/10/2003;34;27;56;28;16;39
500;27/09/2003;35;21;54;29;38;36
499;20/09/2003;59;1;11;5;44;4
498;17/09/2003;49;28;2;6;57;50
497;13/09/2003;9;41;32;13;58;20
496;10/09/2003;41;20;19;29;59;10
495;06/09/2003;36;15;60;8;29;49
494;03/09/2003;28;32;49;53;18;20
493;30/08/2003;54;20;3;18;42;24
492;27/08/2003;57;2;15;6;56;18
491;23/08/2003;22;43;15;55;9;1
490;20/08/2003;5;11;29;54;23;58
489;16/08/2003;28;36;17;53;33;59
488;13/08/2003;30;39;35;43;15;57
487;09/08/2003;25;22;48;52;54;8
486;06/08/2003;50;42;19;8;30;14
485;02/08/2003;38;28;52;30;19;57
484;30/07/2003;53;19;38;18;17;49
483;26/07/2003;16;23;35;18;44;59
482;23/07/2003;13;56;12;33;53;54
481;19/07/2003;42;6;24;44;22;13
480;16/07/2003;36;38;33;14;49;41
479;12/07/2003;20;54;58;26;41;46
478;09/07/2003;30;8;31;3;21;25
477;05/07/2003;47;34;8;6;18;38
476;02/07/2003;38;43;20;55;17;58
475;28/06/2003;19;6;43;52;8;22
474;25/06/2003;34;3;12;50;32;40
473;21/06/2003;51;7;58;49;23;41
472;18/06/2003;12;3;38;29;51;4
471;14/06/2003;51;59;31;5;36;32
470;11/06/2003;51;58;23;11;8;37
469;07/06/2003;29;47;42;21;13;26
468;04/06/2003;23;6;25;39;51;5
467;31/05/2003;38;21;8;22;18;60
466;28/05/2003;28;16;45;29;30;11
465;24/05/2003;46;31;1;57;22;51
464;21/05/2003;6;33;45;38;24;50
463;17/05/2003;7;18;2;45;3;53
462;14/05/2003;27;48;17;19;26;22
461;10/05/2003;30;17;20;29;15;60
460;07/05/2003;19;55;30;23;37;49
459;03/05/2003;43;17;8;15;49;39
458;30/04/2003;43;53;13;32;34;24
457;26/04/2003;48;15;24;27;17;32
456;23/04/2003;17;40;22;27;33;3
455;19/04/2003;50;15;17;2;14;59
454;16/04/2003;4;17;42;56;46;24
453;12/04/2003;58;52;8;34;20;23
452;09/04/2003;54;11;51;16;36;30
451;05/04/2003;23;18;31;17;53;28
450;02/04/2003;59;51;13;1;9;50
449;29/03/2003;34;56;24;1;49;8
448;26/03/2003;5;3;52;45;9;51
447;22/03/2003;24;55;15;33;25;42
446;19/03/2003;11;20;8;47;12;17
445;15/03/2003;31;50;7;53;32;20
444;12/03/2003;48;52;57;24;3;33
443;08/03/2003;11;36;17;26;52;48
442;01/03/2003;15;31;23;6;59;37
441;26/02/2003;2;15;58;10;59;21
440;22/02/2003;46;23;30;47;5;3
439;19/02/2003;42;13;20;29;43;57
438;15/02/2003;38;48;14;3;11;5
437;12/02/2003;54;10;59;44;30;7
436;08/02/2003;1;6;57;29;48;7
435;05/02/2003;37;11;17;31;43;10
434;01/02/2003;24;17;4;54;30;10
433;29/01/2003;36;17;28;16;54;30
432;25/01/2003;50;17;13;27;4;39
431;22/01/2003;58;26;40;37;47;52
430;18/01/2003;50;21;10;25;38;8
429;15/01/2003;55;32;17;36;26;43
428;11/01/2003;60;8;32;28;46;30
427;08/01/2003;51;13;43;24;3;14
426;04/01/2003;7;32;54;50;30;37
425;28/12/2002;6;16;10;34;47;42
424;21/12/2002;29;36;27;18;59;46
423;18/12/2002;8;22;33;40;32;53
422;14/12/2002;60;12;56;37;55;43
421;11/12/2002;38;45;35;37;5;51
420;07/12/2002;43;12;59;30;57;29
419;04/12/2002;41;42;52;53;16;9
418;30/11/2002;45;8;32;49;15;52
417;27/11/2002;25;7;12;21;42;34
416;23/11/2002;13;1;23;56;54;33
415;20/11/2002;38;44;4;1;27;42
414;16/11/2002;35;26;58;52;45;16
413;13/11/2002;35;53;29;33;2;4
412;09/11/2002;45;5;14;21;59;12
411;06/11/2002;10;56;12;31;45;38
410;02/11/2002;31;55;36;24;8;38
409;30/10/2002;26;49;25;18;31;34
408;26/10/2002;49;44;33;28;56;14
407;23/10/2002;49;2;18;51;22;57
406;19/10/2002;47;32;48;12;38;2
405;16/10/2002;57;60;34;24;29;47
404;12/10/2002;24;38;58;1;40;28
403;09/10/2002;46;31;7;16;60;27
402;05/10/2002;27;43;58;5;16;56
401;02/10/2002;50;18;44;53;11;43
400;28/09/2002;29;59;13;10;54;28
399;25/09/2002;59;55;16;27;47;11
398;21/09/2002;28;7;16;37;36;22
397;18/09/2002;32;24;2;5;1;46
396;14/09/2002;47;18;6;45;34;42
395;11/09/2002;11;58;31;14;10;20
394;07/09/2002;15;49;42;5;45;35
393;04/09/2002;12;50;36;6;35;40
392;31/08/2002;49;47;39;31;15;23
391;28/08/2002;7;15;35;16;40;4
390;24/08/2002;7;22;34;12;38;53
389;21/08/2002;46;14;54;18;43;5
388;17/08/2002;52;48;53;58;23;36
387;14/08/2002;29;28;48;47;43;22
386;10/08/2002;39;54;43;36;17;35
385;07/08/2002;22;12;24;18;5;16
384;03/08/2002;28;50;47;24;40;52
383;31/07/2002;48;22;53;56;50;14
382;27/07/2002;54;38;53;31;37;34
381;24/07/2002;9;56;46;28;10;55
380;20/07/2002;47;22;13;30;31;57
379;17/07/2002;41;55;24;59;33;40
378;13/07/2002;55;45;48;41;5;38
377;10/07/2002;46;19;3;45;12;27
376;06/07/2002;25;13;10;43;35;48
375;03/07/2002;51;9;42;5;58;1
374;29/06/2002;54;2;26;5;44;16
373;26/06/2002;31;33;24;10;5;1
372;22/06/2002;24;17;46;57;16;39
371;19/06/2002;23;33;39;4;60;18
370;15/06/2002;51;42;4;54;1;40
369;12/06/2002;21;42;1;60;35;14
368;08/06/2002;13;50;38;32;44;29
367;05/06/2002;52;49;27;33;12;10
366;01/06/2002;6;4;51;7;21;15
365;29/05/2002;52;19;34;37;58;23
364;25/05/2002;59;44;29;5;51;57
363;22/05/2002;39;54;29;49;47;19
362;18/05/2002;37;20;33;46;7;56
361;15/05/2002;41;28;45;31;16;59
360;11/05/2002;47;24;29;55;53;23
359;08/05/2002;31;54;20;29;13;19
358;04/05/2002;40;42;32;12;21;17
357;27/04/2002;45;53;32;2;30;35
356;24/04/2002;54;19;5;58;56;21
355;20/04/2002;2;37;22;60;14;23
354;17/04/2002;40;52;38;16;7;41
353;13/04/2002;60;46;30;55;23;19
352;10/04/2002;49;7;47;25;20;44
351;06/04/2002;15;16;59;60;24;41
350;03/04/2002;23;30;43;10;15;57
349;30/03/2002;9;38;32;8;54;28
348;27/03/2002;39;40;33;52;19;30
347;23/03/2002;26;10;52;1;12;48
346;20/03/2002;56;7;46;60;41;12
345;16/03/2002;56;11;58;46;51;22
344;13/03/2002;33;36;12;35;10;14
343;09/03/2002;4;6;7;24;12;41
342;06/03/2002;29;49;54;51;16;34
341;02/03/2002;56;23;22;43;16;5
340;27/02/2002;10;60;42;9;33;12
339;23/02/2002;13;16;12;5;27;50
338;20/02/2002;48;46;9;1;36;4
337;16/02/2002;31;52;14;54;16;4
336;09/02/2002;2;18;54;22;30;26
335;06/02/2002;43;33;57;23;59;7
334;02/02/2002;41;26;51;14;24;23
333;30/01/2002;35;27;53;44;52;4
332;26/01/2002;28;23;42;29;44;34
331;23/01/2002;27;1;35;20;37;13
330;19/01/2002;2;4;23;37;14;51
329;16/01/2002;24;11;40;12;35;10
328;12/01/2002;51;5;23;7;14;21
327;09/01/2002;46;38;29;33;32;48
326;05/01/2002;52;23;40;51;44;21
325;29/12/2001;4;23;3;1;21;53
324;22/12/2001;22;8;30;15;47;25
323;19/12/2001;31;49;54;33;26;40
322;15/12/2001;18;11;29;44;47;56
321;12/12/2001;11;31;32;48;49;4
320;08/12/2001;20;53;47;50;22;27
319;05/12/2001;12;16;23;17;19;48
318;01/12/2001;19;53;40;3;31;20
317;28/11/2001;27;20;48;16;30;35
316;24/11/2001;28;51;56;6;24;43
315;21/11/2001;50;21;43;12;28;22
314;17/11/2001;5;32;40;58;37;34
313;14/11/2001;14;38;53;24;16;37
312;10/11/2001;14;30;50;41;47;23
311;07/11/2001;32;22;24;41;30;38
310;03/11/2001;28;14;29;2;31;32
309;31/10/2001;39;50;25;55;11;4
308;27/10/2001;55;25;4;11;29;39
307;24/10/2001;26;17;13;41;16;44
306;20/10/2001;30;19;57;41;56;47
305;17/10/2001;11;5;27;60;38;53
304;13/10/2001;42;7;11;34;59;41
303;10/10/2001;7;13;30;37;47;17
302;06/10/2001;25;40;12;60;30;41
301;03/10/2001;58;26;49;57;48;9
300;29/09/2001;27;57;41;38;28;24
299;26/09/2001;7;5;2;53;33;49
298;22/09/2001;22;34;24;23;5;60
297;19/09/2001;20;28;41;1;33;36
296;15/09/2001;20;51;42;3;52;46
295;12/09/2001;24;44;7;31;12;50
294;08/09/2001;28;45;41;22;57;25
293;05/09/2001;6;12;35;5;28;7
292;01/09/2001;24;34;53;45;23;13
291;29/08/2001;22;16;5;41;18;17
290;25/08/2001;57;30;7;25;40;26
289;22/08/2001;36;6;30;20;7;25
288;18/08/2001;50;9;18;11;6;17
287;15/08/2001;60;47;3;33;25;13
286;11/08/2001;44;37;56;29;47;35
285;08/08/2001;50;56;41;12;32;37
284;04/08/2001;8;36;14;32;30;7
283;01/08/2001;48;34;28;54;25;42
282;28/07/2001;33;24;36;9;14;23
281;21/07/2001;11;5;47;31;53;38
280;14/07/2001;5;16;30;25;58;20
279;07/07/2001;31;59;4;58;23;47
278;30/06/2001;22;10;18;55;15;31
277;23/06/2001;40;26;38;4;56;52
276;16/06/2001;53;59;39;45;22;57
275;09/06/2001;16;30;19;38;48;37
274;02/06/2001;11;39;47;18;13;26
273;26/05/2001;47;52;10;27;23;17
272;19/05/2001;36;58;9;10;56;24
271;12/05/2001;14;31;54;29;26;24
270;05/05/2001;45;27;35;40;5;9
269;28/04/2001;19;18;52;25;17;49
268;21/04/2001;21;10;47;6;5;33
267;14/04/2001;58;1;45;55;8;46
266;07/04/2001;38;54;48;23;2;46
265;31/03/2001;7;50;53;16;41;34
264;24/03/2001;5;25;31;13;1;33
263;17/03/2001;8;50;26;9;53;43
262;10/03/2001;53;60;48;20;58;11
261;03/03/2001;5;54;20;56;30;16
260;24/02/2001;43;4;60;59;6;33
259;17/02/2001;20;43;33;13;15;58
258;10/02/2001;12;60;54;7;55;50
257;03/02/2001;28;5;1;34;4;19
256;27/01/2001;21;52;34;26;2;32
255;20/01/2001;32;44;55;19;20;16
254;13/01/2001;4;30;56;21;22;1
253;06/01/2001;12;11;56;44;24;37
252;30/12/2000;17;54;4;51;32;26
251;23/12/2000;34;15;23;55;49;30
250;16/12/2000;55;25;41;42;43;7
249;09/12/2000;21;55;54;40;36;49
248;02/12/2000;56;16;34;41;35;32
247;25/11/2000;34;3;30;10;23;46
246;18/11/2000;2;57;32;43;16;37
245;11/11/2000;44;51;27;53;8;60
244;04/11/2000;19;60;50;24;47;33
243;28/10/2000;20;47;23;32;16;11
242;21/10/2000;22;7;4;21;28;56
241;14/10/2000;11;57;40;35;56;31
240;07/10/2000;59;28;25;41;57;38
239;30/09/2000;33;21;44;46;47;6
238;23/09/2000;15;9;41;13;37;42
237;16/09/2000;36;7;45;31;56;57
236;09/09/2000;10;52;50;57;25;60
235;02/09/2000;29;41;55;2;31;22
234;26/08/2000;15;45;54;25;42;41
233;19/08/2000;45;3;24;36;7;32
232;12/08/2000;29;19;41;22;37;59
231;05/08/2000;16;59;27;42;44;36
230;29/07/2000;56;44;41;40;8;53
229;22/07/2000;39;45;11;21;33;13
228;15/07/2000;16;40;45;59;43;13
227;08/07/2000;37;26;27;42;11;48
226;01/07/2000;2;50;59;38;49;1
225;24/06/2000;21;16;4;37;2;58
224;17/06/2000;20;16;18;7;44;21
223;10/06/2000;28;24;22;2;58;6
222;03/06/2000;5;48;30;55;52;19
221;27/05/2000;54;13;58;43;50;27
220;20/05/2000;36;53;55;13;60;14
219;13/05/2000;26;23;49;28;42;36
218;06/05/2000;54;40;42;17;47;12
217;29/04/2000;27;32;3;51;49;45
216;22/04/2000;35;42;59;18;30;14
215;15/04/2000;7;58;28;53;37;46
214;08/04/2000;30;12;6;50;35;31
213;01/04/2000;3;30;9;35;23;32
212;25/03/2000;29;57;15;45;59;6
211;18/03/2000;10;20;40;45;50;33
210;11/03/2000;37;58;20;38;48;32
209;04/03/2000;13;52;32;41;21;26
208;26/02/2000;23;15;57;24;47;25
207;19/02/2000;19;7;3;55;24;53
206;12/02/2000;20;26;56;18;34;51
205;05/02/2000;26;32;54;43;46;40
204;29/01/2000;31;41;51;39;58;29
203;22/01/2000;11;55;44;19;29;47
202;15/01/2000;49;53;44;12;24;45
201;08/01/2000;55;22;5;30;35;20
200;31/12/1999;12;15;44;34;51;19
199;24/12/1999;52;37;57;16;10;50
198;18/12/1999;40;23;1;18;35;8
197;11/12/1999;19;52;29;15;12;5
196;04/12/1999;32;17;9;14;24;7
195;27/11/1999;17;3;44;37;9;32
194;20/11/1999;32;42;43;25;28;33
193;13/11/1999;12;4;11;49;43;19
192;06/11/1999;1;60;26;41;28;54
191;31/10/1999;58;5;41;3;1;23
190;24/10/1999;32;40;42;21;10;5
189;16/10/1999;41;53;38;4;31;15
188;10/10/1999;34;42;43;46;27;17
187;02/10/1999;6;44;58;41;36;48
186;25/09/1999;24;26;51;25;14;23
185;18/09/1999;59;17;22;46;43;55
184;11/09/1999;9;60;21;16;41;34
183;04/09/1999;16;11;7;40;44;2
182;28/08/1999;46;60;5;10;28;3
181;21/08/1999;33;1;55;35;51;27
180;14/08/1999;39;6;29;60;51;23
179;07/08/1999;6;53;5;26;27;23
178;31/07/1999;5;27;19;26;15;33
177;24/07/1999;35;22;39;41;59;38
176;17/07/1999;28;4;1;45;53;3
175;10/07/1999;10;20;13;1;42;50
174;03/07/1999;11;52;22;23;36;59
173;26/06/1999;29;28;49;17;42;50
172;19/06/1999;49;36;14;26;35;10
171;12/06/1999;54;27;4;43;40;46
170;05/06/1999;7;51;55;41;58;46
169;29/05/1999;52;51;37;13;21;1
168;22/05/1999;45;2;35;9;50;31
167;15/05/1999;1;38;48;28;11;33
166;08/05/1999;60;57;59;13;12;22
165;01/05/1999;39;56;19;23;10;35
164;24/04/1999;4;19;14;10;44;28
163;17/04/1999;41;56;27;36;53;8
162;10/04/1999;23;33;51;38;48;21
161;03/04/1999;25;37;30;39;6;41
160;27/03/1999;13;42;52;58;2;54
159;20/03/1999;16;9;50;58;11;35
158;13/03/1999;58;43;51;14;17;4
157;06/03/1999;17;13;4;44;41;21
156;27/02/1999;52;23;42;17;55;49
155;20/02/1999;12;32;44;43;35;30
154;13/02/1999;8;10;24;33;45;48
153;06/02/1999;47;2;31;42;45;30
152;30/01/1999;12;5;15;51;58;29
151;23/01/1999;3;43;16;56;52;20
150;16/01/1999;50;44;12;55;52;54
149;09/01/1999;11;45;48;7;28;20
148;31/12/1998;32;55;59;41;58;35
147;24/12/1998;24;6;38;23;28;16
146;19/12/1998;51;34;25;60;42;32
145;12/12/1998;43;15;41;51;16;31
144;05/12/1998;8;32;44;36;45;55
143;28/11/1998;40;18;6;20;50;53
142;21/11/1998;20;59;19;54;15;8
141;14/11/1998;10;22;42;13;41;58
140;07/11/1998;55;31;46;44;41;7
139;31/10/1998;26;27;13;42;41;3
138;24/10/1998;41;14;37;5;40;27
137;17/10/1998;26;15;16;22;19;49
136;10/10/1998;17;25;45;38;1;59
135;03/10/1998;35;40;21;59;53;22
134;26/09/1998;60;32;25;36;52;4
133;19/09/1998;19;57;6;39;34;5
132;12/09/1998;44;35;50;41;9;7
131;05/09/1998;30;9;17;27;4;44
130;29/08/1998;13;42;38;49;53;29
129;22/08/1998;46;54;10;9;1;32
128;15/08/1998;23;43;3;21;9;18
127;08/08/1998;59;21;51;54;29;50
126;01/08/1998;32;28;6;10;11;40
125;25/07/1998;56;47;25;59;53;41
124;18/07/1998;52;5;34;57;15;41
123;11/07/1998;13;42;16;32;14;26
122;04/07/1998;20;43;39;11;53;17
121;27/06/1998;53;41;44;2;29;55
120;20/06/1998;46;45;16;40;27;3
119;13/06/1998;47;21;1;50;36;38
118;06/06/1998;22;57;37;9;25;56
117;30/05/1998;53;42;27;20;33;25
116;23/05/1998;36;42;32;5;13;51
115;16/05/1998;6;14;24;20;4;38
114;09/05/1998;47;54;18;6;12;37
113;02/05/1998;34;54;26;28;55;7
112;25/04/1998;37;43;34;20;12;42
111;18/04/1998;52;32;4;33;25;22
110;11/04/1998;57;58;18;31;43;52
109;04/04/1998;54;13;44;49;48;1
108;29/03/1998;60;29;34;24;21;59
107;22/03/1998;2;24;52;4;16;51
106;15/03/1998;24;16;38;5;39;35
105;08/03/1998;3;13;31;43;46;49
104;01/03/1998;13;1;38;21;52;4
103;22/02/1998;9;1;57;7;54;49
102;15/02/1998;44;42;37;56;19;20
101;08/02/1998;39;1;37;31;29;18
100;01/02/1998;46;48;30;14;29;51
99;25/01/1998;30;33;24;11;46;60
98;18/01/1998;43;33;14;31;35;13
97;11/01/1998;56;53;11;14;5;35
96;04/01/1998;4;42;58;26;7;40
95;28/12/1997;46;60;6;40;50;45
94;21/12/1997;28;51;55;18;52;8
93;14/12/1997;22;53;31;28;2;36
92;07/12/1997;5;23;51;3;1;24
91;30/11/1997;60;4;10;35;39;2
90;23/11/1997;21;26;40;54;9;52
89;16/11/1997;59;42;34;13;44;55
88;09/11/1997;45;37;29;4;43;18
87;02/11/1997;40;4;28;32;11;5
86;26/10/1997;54;21;6;34;36;22
85;19/10/1997;47;15;30;37;45;6
84;12/10/1997;10;34;4;6;25;40
83;05/10/1997;24;16;4;42;57;15
82;28/09/1997;51;36;53;29;18;15
81;21/09/1997;47;41;10;60;54;23
80;14/09/1997;51;40;37;23;48;28
79;07/09/1997;43;25;2;13;31;17
78;31/08/1997;22;32;46;12;25;31
77;24/08/1997;29;54;40;57;49;21
76;17/08/1997;33;18;23;8;17;53
75;10/08/1997;36;49;37;35;24;21
74;03/08/1997;2;24;34;50;38;37
73;27/07/1997;57;25;45;28;51;26
72;20/07/1997;19;48;43;1;34;44
71;13/07/1997;53;16;45;43;33;27
70;06/07/1997;40;17;23;43;27;58
69;29/06/1997;56;58;34;53;25;45
68;22/06/1997;53;13;3;1;12;59
67;15/06/1997;47;14;27;52;17;12
66;08/06/1997;15;26;12;33;48;13
65;01/06/1997;20;1;5;32;25;34
64;25/05/1997;8;54;50;60;23;12
63;18/05/1997;26;9;41;49;25;40
62;11/05/1997;52;13;6;24;8;31
61;04/05/1997;59;8;18;29;42;44
60;27/04/1997;38;14;21;15;3;20
59;20/04/1997;28;13;34;2;8;54
58;13/04/1997;30;49;27;37;12;44
57;06/04/1997;27;17;16;34;7;59
56;30/03/1997;51;35;59;7;20;2
55;23/03/1997;29;2;14;38;23;52
54;16/03/1997;5;21;9;56;18;36
53;09/03/1997;42;13;3;46;38;16
52;02/03/1997;58;15;59;30;38;46
51;23/02/1997;23;24;42;25;17;47
50;16/02/1997;57;44;21;16;58;6
49;09/02/1997;33;7;43;35;13;55
48;02/02/1997;47;5;34;28;2;50
47;26/01/1997;35;17;3;48;25;56
46;19/01/1997;32;46;1;60;24;23
45;12/01/1997;30;7;37;55;44;53
44;05/01/1997;47;38;18;14;29;44
43;29/12/1996;2;58;25;6;26;17
42;22/12/1996;24;36;19;33;7;11
41;15/12/1996;38;26;35;39;12;47
40;08/12/1996;3;12;46;5;47;8
39;01/12/1996;16;37;45;52;56;12
38;24/11/1996;55;42;10;43;45;54
37;17/11/1996;22;6;7;52;38;60
36;10/11/1996;13;3;51;17;29;25
35;03/11/1996;21;57;16;23;54;4
34;27/10/1996;15;13;57;53;40;17
33;20/10/1996;5;33;49;17;42;39
32;13/10/1996;43;33;14;36;5;44
31;06/10/1996;56;19;28;48;17;45
30;29/09/1996;38;50;7;29;15;14
29;22/09/1996;14;56;58;8;43;3
28;15/09/1996;60;6;22;3;24;54
27;08/09/1996;44;33;13;51;17;20
26;01/09/1996;50;53;57;10;58;22
25;25/08/1996;56;50;55;54;24;43
24;19/08/1996;1;8;14;28;33;43
23;12/08/1996;17;52;51;59;39;37
22;05/08/1996;9;38;56;1;31;46
21;29/07/1996;49;46;6;53;33;36
20;22/07/1996;25;28;30;33;51;11
19;15/07/1996;5;25;12;10;60;24
18;08/07/1996;37;36;56;27;42;23
17;01/07/1996;10;20;6;19;51;13
16;24/06/1996;60;58;49;32;20;34
15;17/06/1996;60;12;33;52;35;51
14;10/06/1996;16;2;27;47;23;53
13;03/06/1996;47;32;50;54;18;56
12;27/05/1996;20;27;43;16;19;4
11;20/05/1996;25;15;58;37;59;38
10;13/05/1996;25;4;18;57;21;38
9;06/05/1996;55;43;56;54;8;60
8;29/04/1996;53;17;38;4;47;37
7;22/04/1996;56;38;21;20;3;5
6;15/04/1996;19;40;7;13;22;47
5;08/04/1996;1;19;46;6;16;2
4;01/04/1996;6;59;42;27;1;5
3;25/03/1996;36;30;10;11;29;47
2;18/03/1996;9;39;37;49;43;41
1;11/03/1996;41;5;4;52;30;33
