Concurso,Data,coluna 1,coluna 2,coluna 3,coluna 4,coluna 5,coluna 6,coluna 7
907,05/10/2026,6,0,2,1,1,4,9
906,02/10/2026,5,5,2,3,3,1,2
905,30/09/2026,8,2,4,7,4,9,3
904,28/09/2026,3,8,1,0,3,4,6
903,25/09/2026,9,2,4,7,5,5,2
902,23/09/2026,9,9,9,7,2,3,9
901,21/09/2026,5,2,6,7,2,4,5
900,18/09/2026,4,6,0,8,6,6,1
899,16/09/2026,5,0,0,5,1,0,2
898,14/09/2026,7,8,3,9,8,1,6
897,11/09/2026,1,1,4,6,8,7,6
896,09/09/2026,3,8,5,2,8,4,5
895,04/09/2026,3,8,9,0,5,5,9
894,02/09/2026,9,8,1,3,1,9,6
893,31/08/2026,7,3,8,5,0,4,7
892,28/08/2026,1,8,6,5,7,2,0
891,26/08/2026,1,9,2,5,1,4,1
890,24/08/2026,5,3,8,3,5,0,1
889,21/08/2026,3,2,5,9,5,1,0
888,19/08/2026,1,4,1,5,7,5,0
887,17/08/2026,1,7,5,9,8,9,9
886,14/08/2026,1,5,2,2,7,6,9
885,12/08/2026,4,9,0,5,8,5,9
884,10/08/2026,9,9,9,2,1,7,0
883,07/08/2026,9,5,9,9,6,0,5
882,05/08/2026,8,2,2,1,4,9,3
881,03/08/2026,0,5,1,5,5,9,7
880,31/07/2026,7,0,4,3,5,8,7
879,29/07/2026,3,4,7,1,9,4,2
878,27/07/2026,5,5,0,1,7,5,3
877,24/07/2026,0,0,5,5,1,7,3
876,22/07/2026,1,5,9,5,6,4,7
875,20/07/2026,7,5,8,7,6,1,6
874,17/07/2026,5,9,1,5,1,8,8
873,15/07/2026,0,9,5,5,4,0,2
872,13/07/2026,8,3,6,3,0,6,1
871,10/07/2026,6,4,0,8,3,6,7
870,08/07/2026,5,5,5,6,0,5,2
869,06/07/2026,8,7,4,3,9,6,6
868,03/07/2026,6,8,5,6,8,1,9
867,01/07/2026,9,4,0,9,5,9,5
866,29/06/2026,4,7,5,1,6,2,5
865,26/06/2026,5,3,6,0,8,4,2
864,25/06/2026,0,0,4,1,5,9,3
863,22/06/2026,5,2,7,8,0,5,6
862,20/06/2026,9,5,4,7,6,6,0
861,17/06/2026,6,3,0,9,7,7,0
860,15/06/2026,2,1,4,4,1,3,1
859,12/06/2026,9,4,1,3,3,9,3
858,10/06/2026,2,3,4,0,6,2,6
857,08/06/2026,8,1,3,4,3,1,7
856,05/06/2026,5,8,6,4,7,0,1
855,03/06/2026,4,3,8,5,3,6,0
854,01/06/2026,6,7,9,7,4,5,4
853,29/05/2026,3,8,3,5,6,0,8
852,27/05/2026,7,6,8,4,6,4,5
851,25/05/2026,9,7,4,0,9,3,6
850,22/05/2026,4,3,1,5,6,3,3
849,20/05/2026,9,3,4,5,2,7,5
848,18/05/2026,7,2,5,3,5,6,2
847,15/05/2026,6,3,6,4,1,0,1
846,13/05/2026,1,0,2,4,4,1,5
845,11/05/2026,4,2,6,8,8,4,1
844,08/05/2026,7,8,7,9,9,3,0
843,06/05/2026,8,2,4,1,7,9,2
842,04/05/2026,3,8,5,0,2,1,2
841,29/04/2026,3,7,3,6,7,6,7
840,27/04/2026,1,1,3,8,6,3,4
839,24/04/2026,0,5,8,6,0,6,7
838,22/04/2026,1,0,7,8,7,3,1
837,20/04/2026,1,0,3,0,0,4,4
836,17/04/2026,3,2,7,2,2,0,7
835,15/04/2026,0,4,5,1,9,5,3
834,13/04/2026,8,5,2,1,3,4,4
833,10/04/2026,2,9,0,9,6,4,2
832,08/04/2026,1,2,1,8,4,5,8
831,06/04/2026,5,8,7,8,0,4,8
830,01/04/2026,0,6,2,0,7,8,4
829,30/03/2026,2,5,5,4,4,3,5
828,27/03/2026,0,1,7,6,7,6,9
827,25/03/2026,1,8,3,5,4,6,3
826,23/03/2026,2,8,9,3,5,3,0
825,20/03/2026,6,1,2,2,0,1,3
824,18/03/2026,6,5,4,4,8,4,5
823,16/03/2026,6,7,5,6,1,4,4
822,13/03/2026,4,6,0,9,9,9,4
821,11/03/2026,4,5,6,5,2,0,8
820,09/03/2026,3,0,1,8,8,5,5
819,06/03/2026,7,9,8,2,3,0,8
818,04/03/2026,8,6,4,2,7,5,9
817,02/03/2026,6,9,3,8,7,3,7
816,27/02/2026,6,9,3,7,2,4,0
815,25/02/2026,5,5,7,5,6,5,5
814,23/02/2026,2,5,6,9,4,6,3
813,20/02/2026,4,7,9,1,9,2,5
812,18/02/2026,2,7,2,0,1,1,7
811,13/02/2026,9,6,1,2,0,2,5
810,11/02/2026,5,9,3,5,1,0,4
809,09/02/2026,6,1,7,0,8,5,5
808,06/02/2026,5,4,1,2,7,5,3
807,04/02/2026,9,5,0,3,3,6,9
806,02/02/2026,7,4,4,9,7,6,8
805,30/01/2026,3,0,0,0,8,0,8
804,28/01/2026,9,7,8,9,4,6,7
803,26/01/2026,6,4,2,1,6,8,7
802,23/01/2026,0,0,7,8,1,6,9
801,21/01/2026,2,7,4,3,9,2,1
800,19/01/2026,4,1,2,5,2,2,5
799,16/01/2026,9,6,0,4,7,1,8
798,14/01/2026,4,8,5,7,1,4,6
797,12/01/2026,3,1,4,8,3,0,6
796,09/01/2026,5,6,2,7,0,7,6
795,07/01/2026,7,9,1,4,3,4,9
794,05/01/2026,8,4,3,7,7,6,1
793,02/01/2026,5,4,5,1,4,5,0
792,01/01/2026,7,1,0,3,3,0,3
791,29/12/2025,2,5,9,2,3,7,1
790,26/12/2025,6,3,6,2,7,4,3
789,24/12/2025,6,5,7,4,3,9,4
788,22/12/2025,1,7,1,2,2,4,0
787,19/12/2025,8,9,2,2,7,0,3
786,17/12/2025,8,0,7,1,8,9,3
785,15/12/2025,5,2,4,9,2,9,8
784,12/12/2025,8,0,1,5,3,3,3
783,10/12/2025,4,4,9,0,0,7,5
782,08/12/2025,5,1,3,4,9,9,3
781,05/12/2025,4,5,4,4,3,6,2
780,03/12/2025,5,4,0,2,2,3,9
779,01/12/2025,9,4,0,0,0,9,9
778,28/11/2025,8,2,0,8,3,8,5
777,26/11/2025,9,9,1,5,0,8,9
776,24/11/2025,3,2,1,6,1,8,9
775,21/11/2025,3,4,4,6,6,6,1
774,19/11/2025,7,9,9,8,6,2,6
773,17/11/2025,9,3,6,0,1,6,3
772,14/11/2025,0,9,0,9,7,9,4
771,12/11/2025,3,7,6,0,5,7,8
770,10/11/2025,9,4,3,4,4,9,7
769,07/11/2025,5,8,4,6,3,3,0
768,05/11/2025,6,5,8,0,2,5,9
767,03/11/2025,0,7,6,2,0,0,6
766,31/10/2025,0,1,0,7,0,4,7
765,29/10/2025,8,4,6,2,4,0,6
764,27/10/2025,0,4,5,3,1,8,5
763,24/10/2025,3,9,0,7,3,5,2
762,22/10/2025,7,7,5,3,1,0,2
761,20/10/2025,4,7,4,8,6,6,2
760,17/10/2025,0,2,4,0,7,4,9
759,15/10/2025,2,2,5,3,5,9,5
758,13/10/2025,4,6,8,0,3,0,0
757,10/10/2025,0,6,7,2,0,7,0
756,08/10/2025,0,7,3,0,9,7,3
755,06/10/2025,6,5,4,1,0,3,4
754,03/10/2025,0,6,8,4,6,8,0
753,01/10/2025,1,3,7,9,6,3,1
752,29/09/2025,2,5,8,8,6,7,1
751,26/09/2025,1,5,7,3,2,4,5
750,24/09/2025,1,1,6,2,4,6,2
749,22/09/2025,3,4,9,0,4,3,7
748,19/09/2025,3,6,8,0,3,3,7
747,17/09/2025,1,1,6,9,9,7,8
746,15/09/2025,8,7,9,8,9,6,9
745,12/09/2025,3,5,1,5,2,7,4
744,10/09/2025,5,5,0,4,0,3,5
743,08/09/2025,1,4,2,4,8,1,1
742,05/09/2025,4,0,1,4,7,9,1
741,03/09/2025,6,3,8,8,8,8,5
740,01/09/2025,4,9,0,7,5,4,5
739,29/08/2025,2,3,7,3,5,9,6
738,27/08/2025,3,2,0,3,3,4,8
737,25/08/2025,8,4,2,0,5,6,2
736,22/08/2025,1,2,2,0,9,0,2
735,20/08/2025,7,3,0,3,2,2,8
734,18/08/2025,1,8,5,7,0,9,8
733,15/08/2025,1,5,9,8,8,8,3
732,13/08/2025,3,2,5,0,3,6,9
731,11/08/2025,6,1,1,0,1,6,7
730,08/08/2025,6,4,5,7,0,0,3
729,06/08/2025,1,1,3,1,7,8,6
728,04/08/2025,5,0,2,3,9,8,1
727,01/08/2025,8,9,0,5,5,2,6
726,30/07/2025,0,9,7,1,5,2,6
725,28/07/2025,0,0,5,2,0,4,3
724,25/07/2025,7,2,1,7,0,8,7
723,23/07/2025,0,1,4,9,7,9,6
722,21/07/2025,0,7,4,9,4,9,1
721,18/07/2025,9,5,6,2,4,1,1
720,16/07/2025,5,5,7,8,5,7,8
719,14/07/2025,6,1,1,1,4,7,3
718,11/07/2025,8,3,5,1,0,1,4
717,09/07/2025,0,0,6,5,6,1,0
716,07/07/2025,9,0,0,7,9,4,1
715,04/07/2025,6,5,6,7,1,7,3
714,02/07/2025,0,5,8,4,5,8,8
713,30/06/2025,5,1,9,9,7,3,4
712,27/06/2025,8,2,2,5,6,5,9
711,25/06/2025,5,9,1,9,7,0,5
710,23/06/2025,2,0,5,0,0,6,5
709,20/06/2025,0,3,7,4,9,6,1
708,18/06/2025,0,8,9,4,9,5,4
707,16/06/2025,3,7,6,6,4,1,2
706,13/06/2025,3,8,9,2,8,0,6
705,11/06/2025,8,6,6,5,3,1,3
704,09/06/2025,2,1,3,5,1,7,1
703,06/06/2025,3,7,0,6,6,9,8
702,04/06/2025,6,8,0,5,3,0,2
701,02/06/2025,0,4,8,2,6,5,4
700,30/05/2025,3,0,6,6,5,8,2
699,28/05/2025,3,5,5,4,9,8,6
698,26/05/2025,9,1,6,9,7,2,6
697,23/05/2025,3,4,9,2,0,6,6
696,21/05/2025,0,8,5,7,6,0,4
695,19/05/2025,8,9,1,1,9,8,5
694,16/05/2025,4,1,1,1,1,8,7
693,14/05/2025,3,4,4,5,4,0,1
692,12/05/2025,6,0,4,8,0,5,5
691,09/05/2025,1,7,8,5,5,6,4
690,07/05/2025,8,3,5,8,7,2,5
689,05/05/2025,6,8,5,5,6,7,4
688,02/05/2025,0,2,2,6,7,8,6
687,30/04/2025,8,3,5,9,0,0,0
686,28/04/2025,0,2,3,9,6,0,0
685,25/04/2025,9,1,5,0,5,3,7
684,23/04/2025,6,7,7,1,6,7,7
683,16/04/2025,3,4,0,2,0,8,0
682,14/04/2025,1,4,1,2,7,1,2
681,11/04/2025,0,6,2,5,5,7,2
680,09/04/2025,8,5,4,5,0,2,5
679,07/04/2025,9,3,2,9,7,2,4
678,04/04/2025,2,3,1,5,9,0,7
677,02/04/2025,6,2,1,8,2,1,0
676,31/03/2025,3,9,7,8,7,9,1
675,28/03/2025,0,3,6,0,7,0,2
674,26/03/2025,4,4,1,7,0,2,6
673,24/03/2025,6,5,9,9,7,5,5
672,21/03/2025,5,2,1,6,7,6,9
671,19/03/2025,8,8,6,6,4,3,7
670,17/03/2025,9,8,4,0,9,1,5
669,14/03/2025,9,7,5,1,4,0,7
668,12/03/2025,5,5,9,9,6,7,3
667,10/03/2025,5,8,3,3,4,9,4
666,07/03/2025,2,4,6,3,4,6,1
665,05/03/2025,2,9,5,9,3,7,2
664,28/02/2025,5,8,9,1,5,4,1
663,26/02/2025,2,3,5,8,3,1,6
662,24/02/2025,1,4,4,5,7,8,9
661,21/02/2025,4,9,9,8,8,5,2
660,19/02/2025,4,3,5,1,2,8,9
659,17/02/2025,5,5,7,4,3,6,3
658,14/02/2025,0,9,7,2,7,5,4
657,12/02/2025,5,5,7,6,4,9,7
656,10/02/2025,5,9,3,9,7,2,6
655,07/02/2025,8,7,7,7,9,7,9
654,05/02/2025,0,8,2,3,7,5,0
653,03/02/2025,4,1,3,9,2,0,3
652,31/01/2025,0,9,2,1,8,8,0
651,29/01/2025,8,7,3,1,3,1,9
650,27/01/2025,0,7,6,1,6,9,8
649,24/01/2025,9,6,4,7,8,2,3
648,22/01/2025,9,7,4,5,5,8,0
647,20/01/2025,2,1,2,6,3,7,1
646,17/01/2025,0,8,7,1,5,9,6
645,15/01/2025,5,2,2,5,0,0,4
644,13/01/2025,4,6,0,4,9,3,6
643,10/01/2025,8,7,1,4,4,0,6
642,08/01/2025,5,3,1,5,4,6,7
641,06/01/2025,3,2,3,7,1,2,2
640,03/01/2025,7,6,7,8,6,7,5
639,30/12/2024,6,1,7,5,4,7,4
638,27/12/2024,1,0,1,6,6,6,0
637,23/12/2024,6,4,1,3,6,9,1
636,20/12/2024,7,5,6,0,5,0,2
635,18/12/2024,3,6,3,7,1,4,1
634,16/12/2024,7,0,3,3,9,3,0
633,13/12/2024,1,6,7,5,7,7,3
632,11/12/2024,7,5,0,7,4,6,3
631,09/12/2024,1,8,3,7,8,1,8
630,06/12/2024,6,0,9,5,7,1,0
629,04/12/2024,7,7,1,7,5,9,4
628,02/12/2024,4,7,4,3,3,3,5
627,29/11/2024,9,4,4,5,7,9,2
626,27/11/2024,0,4,8,2,2,3,1
625,25/11/2024,4,2,4,3,4,1,8
624,22/11/2024,6,6,4,3,6,0,5
623,18/11/2024,9,9,6,9,2,4,3
622,13/11/2024,6,2,1,9,3,9,2
621,11/11/2024,0,5,0,7,6,2,3
620,08/11/2024,1,4,2,3,9,3,6
619,06/11/2024,8,2,3,8,0,0,5
618,04/11/2024,2,5,6,6,4,3,8
617,01/11/2024,3,8,0,5,2,6,5
616,30/10/2024,9,7,4,7,5,9,9
615,28/10/2024,1,8,3,6,8,7,7
614,25/10/2024,3,7,0,0,1,2,4
613,23/10/2024,1,9,4,6,3,1,8
612,21/10/2024,4,8,9,0,5,2,8
611,18/10/2024,4,6,3,7,6,2,0
610,16/10/2024,5,3,7,1,7,6,1
609,14/10/2024,9,3,9,1,6,9,2
608,11/10/2024,5,6,8,6,2,4,8
607,09/10/2024,0,7,1,0,5,3,5
606,07/10/2024,1,9,7,4,1,8,1
605,04/10/2024,2,7,9,9,8,0,0
604,02/10/2024,2,4,0,8,3,0,0
603,30/09/2024,6,0,0,9,9,6,3
602,27/09/2024,0,9,7,0,5,7,2
601,25/09/2024,6,6,5,4,6,1,9
600,23/09/2024,3,0,8,8,4,3,6
599,20/09/2024,3,5,1,2,5,6,4
598,18/09/2024,4,6,9,1,0,0,8
597,16/09/2024,4,4,0,6,3,2,9
596,13/09/2024,8,4,0,1,5,2,5
595,11/09/2024,1,3,8,6,8,7,8
594,09/09/2024,9,5,8,4,5,4,4
593,06/09/2024,5,3,5,6,4,0,0
592,04/09/2024,6,5,7,9,5,3,6
591,02/09/2024,4,8,3,6,5,0,2
590,30/08/2024,0,3,2,4,0,0,5
589,28/08/2024,8,5,5,6,6,7,2
588,26/08/2024,0,1,8,9,6,5,1
587,23/08/2024,7,5,5,7,6,4,4
586,21/08/2024,5,2,5,5,7,7,4
585,19/08/2024,7,7,4,9,7,9,9
584,16/08/2024,7,6,8,9,7,4,9
583,14/08/2024,7,9,6,6,4,3,6
582,12/08/2024,9,0,8,5,4,0,5
581,09/08/2024,9,6,5,1,4,4,8
580,07/08/2024,2,3,5,6,6,8,7
579,05/08/2024,3,3,5,5,2,0,3
578,02/08/2024,3,4,0,2,8,4,2
577,31/07/2024,4,1,3,0,5,8,8
576,29/07/2024,1,1,6,7,7,6,6
575,26/07/2024,9,4,7,4,1,4,3
574,24/07/2024,9,3,4,8,1,9,4
573,22/07/2024,6,2,0,6,4,4,4
572,19/07/2024,4,5,6,3,3,8,7
571,17/07/2024,8,8,6,3,7,0,8
570,15/07/2024,9,3,2,4,4,5,5
569,12/07/2024,2,7,7,7,2,5,5
568,10/07/2024,5,3,5,4,6,3,3
567,08/07/2024,4,8,5,3,4,7,1
566,05/07/2024,7,1,3,5,8,4,9
565,03/07/2024,6,1,5,5,1,8,7
564,01/07/2024,2,6,3,6,4,7,6
563,28/06/2024,3,4,7,4,7,3,5
562,26/06/2024,5,8,5,4,9,8,5
561,24/06/2024,4,8,6,0,5,6,2
560,21/06/2024,8,6,9,9,5,7,9
559,19/06/2024,8,6,9,2,5,9,1
558,17/06/2024,5,5,1,0,3,4,0
557,14/06/2024,0,1,7,9,2,0,5
556,12/06/2024,1,7,0,2,3,7,0
555,10/06/2024,4,0,0,8,9,7,2
554,07/06/2024,9,5,8,2,8,6,9
553,05/06/2024,5,2,7,5,0,8,5
552,03/06/2024,3,4,1,3,6,8,0
551,31/05/2024,4,5,7,2,6,2,5
550,29/05/2024,4,8,8,8,3,3,2
549,27/05/2024,5,8,4,7,0,2,8
548,24/05/2024,4,7,0,3,5,4,3
547,22/05/2024,5,7,3,6,8,2,1
546,20/05/2024,4,0,9,5,2,8,3
545,17/05/2024,8,2,1,1,0,8,0
544,15/05/2024,4,9,8,8,1,0,3
543,13/05/2024,5,0,2,4,6,1,1
542,10/05/2024,8,5,1,2,1,1,1
541,08/05/2024,8,1,7,4,5,7,6
540,06/05/2024,5,2,5,4,7,3,9
539,03/05/2024,5,8,7,8,3,8,2
538,29/04/2024,1,5,6,2,7,0,8
537,26/04/2024,3,2,8,6,8,1,0
536,24/04/2024,2,8,1,3,8,8,0
535,22/04/2024,4,5,2,0,0,7,9
534,19/04/2024,0,2,5,1,7,5,8
533,17/04/2024,9,3,2,8,3,0,1
532,15/04/2024,5,1,4,4,2,8,2
531,12/04/2024,1,1,5,2,6,3,1
530,10/04/2024,2,5,3,9,4,1,0
529,08/04/2024,2,6,4,6,5,9,6
528,05/04/2024,6,5,3,2,8,0,2
527,03/04/2024,1,3,0,9,6,4,3
526,01/04/2024,2,7,6,6,9,1,9
525,27/03/2024,2,9,6,1,2,7,2
524,25/03/2024,1,7,6,7,2,0,2
523,22/03/2024,1,7,4,6,3,6,8
522,20/03/2024,6,0,2,3,3,7,1
521,18/03/2024,5,6,4,7,7,5,3
520,15/03/2024,1,9,8,1,4,5,2
519,13/03/2024,1,8,7,3,8,0,5
518,11/03/2024,5,9,2,4,7,0,4
517,08/03/2024,0,3,3,2,4,9,2
516,06/03/2024,8,5,0,7,8,0,1
515,04/03/2024,5,1,4,3,2,3,2
514,01/03/2024,9,4,9,6,3,0,1
513,28/02/2024,4,5,6,4,4,6,2
512,26/02/2024,5,9,8,0,0,4,9
511,23/02/2024,6,2,1,2,8,4,7
510,21/02/2024,0,8,6,4,3,6,9
509,19/02/2024,9,4,4,9,5,6,3
508,16/02/2024,0,4,6,6,0,5,9
507,14/02/2024,9,0,8,0,0,4,3
506,09/02/2024,1,9,2,7,8,9,4
505,07/02/2024,9,7,6,2,0,5,3
504,05/02/2024,8,3,7,1,4,9,5
503,02/02/2024,1,8,4,4,3,0,9
502,31/01/2024,1,3,8,2,0,0,8
501,29/01/2024,0,7,6,6,5,8,9
500,26/01/2024,7,2,7,4,3,0,4
499,24/01/2024,8,6,1,4,1,8,5
498,22/01/2024,9,3,8,3,9,4,5
497,19/01/2024,4,5,8,7,4,7,0
496,17/01/2024,1,9,9,0,8,5,6
495,15/01/2024,6,1,5,4,2,2,7
494,12/01/2024,2,4,0,9,7,3,5
493,10/01/2024,0,0,7,5,6,0,2
492,08/01/2024,1,0,2,7,3,4,3
491,05/01/2024,2,7,9,7,3,7,6
490,03/01/2024,4,6,9,1,7,3,4
489,29/12/2023,8,7,1,3,7,5,0
488,27/12/2023,5,2,7,2,5,0,2
487,22/12/2023,6,1,5,2,3,4,9
486,20/12/2023,7,3,4,8,7,7,1
485,18/12/2023,4,6,1,2,9,4,1
484,15/12/2023,4,5,9,1,5,9,9
483,13/12/2023,3,0,4,9,1,4,1
482,11/12/2023,1,5,2,0,9,3,7
481,08/12/2023,2,8,0,1,7,4,3
480,06/12/2023,1,2,5,4,4,8,6
479,04/12/2023,5,8,0,2,7,4,1
478,01/12/2023,2,7,1,4,2,5,7
477,29/11/2023,7,2,4,6,1,9,3
476,27/11/2023,9,3,3,6,9,4,5
475,24/11/2023,5,8,1,8,2,1,0
474,22/11/2023,1,4,5,6,7,8,5
473,20/11/2023,5,0,0,8,4,9,4
472,17/11/2023,8,7,4,8,6,8,2
471,13/11/2023,4,9,3,3,0,4,6
470,10/11/2023,3,1,1,1,1,5,8
469,08/11/2023,9,9,6,5,4,6,8
468,06/11/2023,3,5,3,4,5,6,6
467,03/11/2023,4,9,0,7,4,1,0
466,01/11/2023,3,2,0,6,3,6,3
465,30/10/2023,1,6,1,0,8,5,8
464,27/10/2023,7,7,8,4,7,1,6
463,25/10/2023,6,6,8,1,9,6,4
462,23/10/2023,6,8,5,5,8,9,6
461,20/10/2023,6,1,3,2,5,2,8
460,18/10/2023,3,2,6,8,3,7,2
459,16/10/2023,9,3,7,0,8,5,2
458,13/10/2023,4,7,3,4,0,1,0
457,11/10/2023,4,7,8,0,9,0,0
456,09/10/2023,2,0,8,7,7,0,7
455,06/10/2023,8,7,5,4,9,9,5
454,04/10/2023,7,4,2,3,2,2,9
453,02/10/2023,8,2,8,9,7,4,6
452,29/09/2023,4,4,7,5,9,0,3
451,27/09/2023,6,0,5,4,7,6,7
450,25/09/2023,0,6,5,9,8,1,8
449,22/09/2023,3,6,5,0,5,3,5
448,20/09/2023,3,4,1,6,4,0,8
447,18/09/2023,6,6,8,7,6,6,0
446,15/09/2023,7,6,0,8,3,8,8
445,13/09/2023,0,3,6,1,3,9,3
444,11/09/2023,0,4,6,3,8,1,2
443,08/09/2023,2,2,3,6,1,3,9
442,06/09/2023,5,3,8,8,7,7,0
441,04/09/2023,2,4,4,3,8,6,7
440,01/09/2023,8,8,2,5,4,8,8
439,30/08/2023,3,4,2,7,6,5,9
438,28/08/2023,5,5,3,0,2,4,7
437,25/08/2023,0,1,8,3,4,5,3
436,23/08/2023,6,6,1,4,4,9,7
435,21/08/2023,1,0,3,0,9,9,4
434,18/08/2023,7,1,2,9,5,0,3
433,16/08/2023,8,4,9,8,8,7,6
432,14/08/2023,7,9,8,1,7,1,4
431,11/08/2023,3,0,7,8,6,1,3
430,09/08/2023,4,6,4,1,8,6,7
429,07/08/2023,5,7,4,0,5,0,9
428,04/08/2023,3,4,3,2,7,9,8
427,02/08/2023,4,4,3,4,4,2,2
426,31/07/2023,6,6,9,9,3,1,7
425,28/07/2023,9,7,5,8,4,1,8
424,26/07/2023,5,2,4,3,2,0,0
423,24/07/2023,7,3,4,0,3,7,3
422,21/07/2023,9,2,0,3,8,2,2
421,19/07/2023,7,8,0,0,6,9,6
420,17/07/2023,2,8,1,5,3,2,6
419,14/07/2023,7,3,2,1,6,3,1
418,12/07/2023,6,6,5,2,1,9,9
417,10/07/2023,0,2,2,1,1,2,9
416,07/07/2023,6,7,5,3,9,9,8
415,05/07/2023,9,3,4,0,2,7,3
414,03/07/2023,5,3,6,4,9,8,7
413,30/06/2023,9,2,3,6,8,6,8
412,28/06/2023,2,1,3,6,6,7,7
411,26/06/2023,9,5,5,2,5,2,0
410,23/06/2023,7,9,0,5,2,2,1
409,21/06/2023,1,5,5,2,0,1,7
408,19/06/2023,9,4,4,1,4,2,3
407,16/06/2023,3,6,8,3,9,2,7
406,14/06/2023,6,2,6,5,5,9,4
405,12/06/2023,3,6,6,7,3,5,2
404,09/06/2023,0,3,4,9,2,3,9
403,07/06/2023,0,8,7,6,0,6,1
402,05/06/2023,7,2,4,9,0,1,1
401,02/06/2023,9,6,5,0,8,6,7
400,31/05/2023,0,5,5,4,2,4,3
399,29/05/2023,2,5,2,6,6,4,8
398,26/05/2023,3,5,4,7,3,8,5
397,24/05/2023,6,0,1,8,0,7,5
396,22/05/2023,6,5,0,7,8,0,2
395,19/05/2023,3,6,4,1,2,8,5
394,17/05/2023,7,6,9,6,1,3,1
393,15/05/2023,1,5,5,1,7,7,8
392,12/05/2023,1,5,8,0,3,7,9
391,10/05/2023,8,3,6,5,2,0,6
390,08/05/2023,5,2,8,8,4,3,4
389,05/05/2023,6,0,3,6,3,0,1
388,03/05/2023,5,9,2,1,5,3,3
387,28/04/2023,7,5,9,8,5,7,8
386,26/04/2023,4,3,9,7,0,6,0
385,24/04/2023,0,1,3,9,9,3,7
384,19/04/2023,8,9,5,8,0,1,9
383,17/04/2023,0,7,4,7,5,7,8
382,14/04/2023,2,3,9,1,7,6,3
381,12/04/2023,5,4,1,3,3,2,4
380,10/04/2023,0,2,3,7,5,8,0
379,05/04/2023,0,4,9,3,4,1,9
378,03/04/2023,4,4,1,2,7,6,2
377,31/03/2023,2,5,3,6,5,2,9
376,29/03/2023,3,9,4,9,8,0,6
375,27/03/2023,7,1,7,5,3,6,6
374,24/03/2023,6,7,4,1,7,5,9
373,22/03/2023,6,2,6,1,6,2,3
372,20/03/2023,0,7,4,9,9,4,7
371,17/03/2023,1,3,9,3,3,1,4
370,15/03/2023,0,6,9,2,2,7,0
369,14/03/2023,2,7,0,6,2,5,2
368,10/03/2023,4,7,3,7,2,6,1
367,08/03/2023,2,3,1,9,5,9,3
366,06/03/2023,9,9,0,9,0,8,6
365,03/03/2023,9,9,8,5,3,8,3
364,01/03/2023,5,1,2,7,0,5,9
363,27/02/2023,5,7,8,9,5,1,9
362,24/02/2023,0,7,5,9,3,1,5
361,22/02/2023,9,3,2,0,4,6,5
360,17/02/2023,9,8,5,2,9,6,3
359,15/02/2023,8,8,7,9,6,2,7
358,13/02/2023,8,4,8,1,3,0,9
357,10/02/2023,9,8,9,7,8,6,6
356,08/02/2023,7,7,7,3,2,1,9
355,06/02/2023,0,1,5,9,2,7,2
354,03/02/2023,7,2,1,2,6,5,1
353,01/02/2023,0,1,1,2,7,6,1
352,30/01/2023,3,9,9,9,1,4,8
351,27/01/2023,9,9,1,4,6,6,5
350,25/01/2023,7,3,1,6,5,3,3
349,23/01/2023,6,0,5,1,3,6,6
348,20/01/2023,0,0,3,5,8,1,9
347,18/01/2023,9,5,2,6,2,0,0
346,16/01/2023,3,0,9,5,6,5,3
345,13/01/2023,1,6,4,4,6,3,7
344,11/01/2023,7,2,4,4,7,4,3
343,09/01/2023,7,7,0,9,8,6,0
342,06/01/2023,8,0,1,3,7,1,8
341,04/01/2023,2,6,1,1,7,1,0
340,02/01/2023,3,9,6,3,8,3,1
339,30/12/2022,4,3,0,5,9,9,1
338,28/12/2022,5,4,9,2,9,9,6
337,26/12/2022,9,5,4,7,9,7,1
336,23/12/2022,4,6,4,5,1,4,0
335,21/12/2022,7,3,1,2,5,4,6
334,19/12/2022,4,5,0,7,0,7,6
333,16/12/2022,0,1,1,7,9,3,9
332,14/12/2022,1,5,0,3,6,3,2
331,12/12/2022,1,1,3,6,4,8,3
330,09/12/2022,8,3,1,2,8,9,0
329,07/12/2022,7,6,8,0,8,5,9
328,05/12/2022,9,1,1,5,3,8,1
327,02/12/2022,3,9,6,7,6,0,8
326,30/11/2022,3,3,2,5,7,3,7
325,28/11/2022,1,3,6,2,4,9,9
324,25/11/2022,5,9,1,1,8,7,8
323,23/11/2022,3,4,2,1,9,5,6
322,21/11/2022,0,2,8,6,2,3,5
321,18/11/2022,6,8,2,6,6,3,5
320,16/11/2022,2,6,5,1,1,7,9
319,14/11/2022,0,4,3,2,2,6,4
318,11/11/2022,6,1,0,3,3,9,9
317,09/11/2022,7,3,8,5,2,1,7
316,07/11/2022,8,3,0,2,5,1,2
315,04/11/2022,9,7,7,1,3,8,1
314,31/10/2022,6,8,7,9,3,6,6
313,28/10/2022,7,0,7,7,5,4,3
312,26/10/2022,7,3,7,4,0,6,6
311,24/10/2022,7,8,0,9,0,1,5
310,21/10/2022,6,4,1,7,6,4,2
309,19/10/2022,6,6,3,0,7,9,4
308,17/10/2022,3,5,1,7,6,6,3
307,14/10/2022,9,8,2,4,0,7,2
306,10/10/2022,2,0,8,4,3,9,8
305,07/10/2022,5,7,3,4,9,2,0
304,05/10/2022,3,7,9,1,2,6,1
303,03/10/2022,2,6,7,8,1,9,5
302,30/09/2022,4,8,7,6,0,8,4
301,28/09/2022,0,4,2,0,8,9,8
300,26/09/2022,5,1,3,1,3,8,0
299,23/09/2022,0,8,5,2,0,5,6
298,21/09/2022,5,9,1,1,7,9,1
297,19/09/2022,7,3,7,0,0,6,7
296,16/09/2022,0,0,5,5,0,9,2
295,14/09/2022,5,9,6,0,8,6,3
294,12/09/2022,3,7,4,7,6,7,5
293,09/09/2022,4,5,9,9,5,2,1
292,05/09/2022,6,8,9,1,5,2,3
291,02/09/2022,1,9,1,3,1,8,6
290,31/08/2022,2,5,2,4,0,0,9
289,29/08/2022,7,9,2,1,2,7,1
288,26/08/2022,0,7,7,1,9,9,6
287,24/08/2022,5,5,4,7,0,2,5
286,22/08/2022,6,1,5,9,3,4,1
285,19/08/2022,6,6,7,2,9,3,4
284,17/08/2022,2,6,9,5,0,9,9
283,15/08/2022,9,6,0,6,8,2,0
282,12/08/2022,8,7,4,1,6,6,1
281,10/08/2022,2,0,0,6,6,0,3
280,08/08/2022,2,6,0,8,2,3,4
279,05/08/2022,5,2,6,8,1,2,0
278,03/08/2022,7,7,4,2,9,9,4
277,01/08/2022,9,6,2,1,6,9,8
276,29/07/2022,7,0,6,0,3,4,2
275,27/07/2022,7,1,2,8,8,6,1
274,25/07/2022,6,1,6,9,8,6,3
273,22/07/2022,0,8,4,9,9,6,5
272,20/07/2022,4,1,8,3,5,5,0
271,18/07/2022,3,4,8,7,1,0,3
270,15/07/2022,5,8,5,5,7,5,4
269,13/07/2022,3,7,4,3,7,3,0
268,11/07/2022,6,5,4,5,3,8,6
267,08/07/2022,4,9,9,7,4,0,2
266,06/07/2022,8,7,9,3,6,6,5
265,04/07/2022,9,6,5,0,2,1,6
264,01/07/2022,3,7,4,8,0,4,1
263,29/06/2022,6,7,3,0,8,9,8
262,27/06/2022,2,8,8,7,0,8,3
261,24/06/2022,2,5,0,1,9,3,3
260,22/06/2022,6,6,0,9,4,4,2
259,20/06/2022,1,8,1,9,5,0,3
258,17/06/2022,2,9,7,0,7,7,1
257,15/06/2022,1,0,6,0,0,5,5
256,13/06/2022,7,7,0,9,4,9,3
255,10/06/2022,4,7,0,6,1,9,8
254,08/06/2022,8,3,8,9,4,2,0
253,06/06/2022,7,0,8,8,3,7,5
252,03/06/2022,0,4,7,0,7,5,4
251,01/06/2022,7,6,9,9,2,2,0
250,30/05/2022,0,7,4,1,5,7,8
249,27/05/2022,8,7,6,7,8,2,4
248,25/05/2022,9,2,4,6,3,1,4
247,23/05/2022,0,9,9,5,0,5,5
246,20/05/2022,4,9,0,5,4,9,3
245,18/05/2022,6,7,9,0,2,1,7
244,16/05/2022,6,5,5,5,3,9,7
243,13/05/2022,9,9,5,7,0,9,0
242,11/05/2022,6,1,6,9,3,4,1
241,09/05/2022,2,4,9,8,3,6,1
240,06/05/2022,2,5,1,9,4,7,7
239,04/05/2022,3,3,1,5,8,1,2
238,02/05/2022,2,0,9,0,1,2,3
237,29/04/2022,6,2,7,6,3,2,7
236,27/04/2022,7,0,7,2,9,4,3
235,25/04/2022,9,7,6,2,3,5,6
234,22/04/2022,1,8,8,8,9,6,7
233,20/04/2022,0,2,7,4,4,2,4
232,18/04/2022,1,0,8,5,4,7,6
231,13/04/2022,4,4,8,2,8,0,7
230,08/04/2022,8,6,1,6,2,5,1
229,06/04/2022,8,6,4,4,4,3,9
228,04/04/2022,7,2,2,3,8,8,9
227,01/04/2022,5,6,2,7,6,8,7
226,30/03/2022,2,0,4,7,6,0,8
225,28/03/2022,8,0,0,7,0,4,2
224,25/03/2022,5,4,4,2,1,5,4
223,23/03/2022,5,1,8,1,0,3,8
222,21/03/2022,0,8,5,2,6,1,4
221,18/03/2022,5,4,7,6,8,0,3
220,16/03/2022,8,8,4,6,7,3,6
219,14/03/2022,3,3,7,8,5,8,6
218,11/03/2022,6,1,6,9,9,7,6
217,09/03/2022,9,8,7,8,3,5,0
216,07/03/2022,0,1,3,6,6,3,9
215,04/03/2022,3,6,7,7,3,5,9
214,02/03/2022,1,2,5,6,8,6,6
213,25/02/2022,4,1,4,6,9,2,9
212,23/02/2022,3,1,3,5,6,5,7
211,21/02/2022,4,6,7,7,0,9,4
210,18/02/2022,3,6,2,9,6,7,5
209,16/02/2022,6,6,3,7,6,3,7
208,14/02/2022,9,8,2,1,1,2,9
207,11/02/2022,1,8,4,9,2,2,2
206,09/02/2022,3,9,6,9,3,4,6
205,07/02/2022,5,7,3,9,9,0,0
204,04/02/2022,2,6,5,1,2,3,2
203,02/02/2022,9,0,4,6,2,8,7
202,31/01/2022,8,3,9,7,5,9,2
201,28/01/2022,1,6,3,2,3,8,8
200,26/01/2022,6,8,3,5,9,8,1
199,24/01/2022,2,7,8,8,0,9,4
198,22/01/2022,3,9,7,0,4,0,9
197,19/01/2022,7,1,1,0,8,1,9
196,17/01/2022,7,3,9,3,2,4,4
195,14/01/2022,9,1,8,6,5,8,6
194,12/01/2022,0,0,3,7,6,3,9
193,10/01/2022,7,2,1,3,2,0,0
192,07/01/2022,0,9,6,1,9,6,7
191,05/01/2022,6,4,1,9,6,0,9
190,03/01/2022,2,9,8,0,0,7,5
189,31/12/2021,0,9,8,1,0,2,5
188,29/12/2021,1,0,2,7,6,1,5
187,27/12/2021,0,8,1,5,5,8,1
186,24/12/2021,5,2,8,3,8,3,0
185,22/12/2021,2,3,6,7,2,4,6
184,20/12/2021,7,9,7,2,2,5,3
183,17/12/2021,6,5,8,0,7,3,9
182,15/12/2021,3,1,9,4,9,4,2
181,13/12/2021,3,4,7,4,3,6,9
180,10/12/2021,4,4,9,4,3,4,6
179,08/12/2021,9,3,2,8,5,3,5
178,06/12/2021,9,7,5,5,7,4,8
177,03/12/2021,4,6,9,8,8,3,6
176,01/12/2021,5,1,0,2,7,1,1
175,29/11/2021,1,8,2,4,8,4,7
174,26/11/2021,8,8,2,9,9,0,7
173,24/11/2021,7,2,2,2,0,4,5
172,22/11/2021,0,9,2,4,5,1,9
171,19/11/2021,9,3,3,9,7,5,4
170,17/11/2021,7,5,5,9,2,0,2
169,12/11/2021,3,5,3,6,5,1,8
168,10/11/2021,2,3,7,9,9,1,8
167,08/11/2021,2,9,1,3,5,0,9
166,05/11/2021,7,9,9,7,2,2,9
165,03/11/2021,3,6,4,3,4,4,3
164,01/11/2021,2,9,5,2,1,2,0
163,29/10/2021,0,8,3,4,9,9,7
162,27/10/2021,8,3,2,0,3,3,8
161,25/10/2021,5,4,0,6,0,7,5
160,22/10/2021,5,8,2,9,9,7,2
159,20/10/2021,8,3,0,4,6,0,4
158,18/10/2021,5,7,8,7,1,6,8
157,15/10/2021,0,4,8,9,9,3,8
156,13/10/2021,7,0,6,4,7,1,4
155,11/10/2021,0,3,6,2,8,2,2
154,08/10/2021,4,5,2,1,0,7,7
153,06/10/2021,4,0,2,1,8,7,3
152,04/10/2021,5,9,2,6,1,5,3
151,01/10/2021,3,4,5,5,0,2,3
150,29/09/2021,2,5,6,6,1,6,5
149,27/09/2021,4,0,5,2,0,8,3
148,24/09/2021,2,5,4,0,0,6,9
147,22/09/2021,7,5,9,4,1,0,2
146,20/09/2021,0,0,5,5,0,7,4
145,17/09/2021,5,7,1,9,2,4,8
144,15/09/2021,0,1,0,0,9,9,7
143,13/09/2021,2,2,5,7,8,1,1
142,10/09/2021,3,1,9,9,8,8,3
141,08/09/2021,7,2,4,7,3,1,2
140,06/09/2021,1,1,9,9,7,8,9
139,03/09/2021,1,6,7,4,2,4,7
138,01/09/2021,7,7,0,6,6,0,7
137,30/08/2021,0,6,3,6,7,1,1
136,27/08/2021,4,5,5,8,2,4,8
135,25/08/2021,1,2,2,0,6,7,1
134,23/08/2021,5,3,5,5,8,7,7
133,20/08/2021,1,2,4,4,0,7,2
132,18/08/2021,9,2,7,1,0,5,1
131,16/08/2021,0,2,0,2,9,8,0
130,13/08/2021,9,0,6,0,6,7,2
129,11/08/2021,4,6,1,4,1,1,7
128,09/08/2021,5,5,4,7,8,4,5
127,06/08/2021,3,6,9,2,7,8,7
126,04/08/2021,7,9,5,2,8,1,4
125,02/08/2021,2,1,7,3,5,2,5
124,30/07/2021,0,8,2,9,9,6,0
123,28/07/2021,4,8,3,6,9,0,3
122,26/07/2021,3,5,8,8,4,3,0
121,23/07/2021,7,4,5,7,8,7,2
120,21/07/2021,6,6,5,6,0,4,4
119,19/07/2021,3,3,8,2,8,0,3
118,16/07/2021,2,5,2,6,5,3,1
117,14/07/2021,2,1,7,7,1,8,2
116,12/07/2021,5,0,0,3,3,3,6
115,09/07/2021,6,0,9,1,2,5,7
114,07/07/2021,1,2,7,0,9,3,9
113,05/07/2021,7,5,8,3,7,2,8
112,02/07/2021,4,3,0,2,3,0,9
111,30/06/2021,2,1,0,6,9,4,0
110,28/06/2021,7,0,4,1,3,9,4
109,25/06/2021,0,1,8,1,6,4,0
108,23/06/2021,0,5,5,6,9,9,6
107,21/06/2021,3,9,8,8,5,5,4
106,18/06/2021,4,0,1,9,6,7,9
105,16/06/2021,1,3,6,8,3,6,7
104,14/06/2021,8,1,0,8,1,9,2
103,11/06/2021,7,2,2,5,9,5,8
102,09/06/2021,8,7,1,9,9,4,1
101,07/06/2021,8,5,1,4,7,3,7
100,04/06/2021,7,5,8,3,8,4,0
99,02/06/2021,8,5,2,2,5,4,2
98,31/05/2021,4,1,7,7,4,3,3
97,28/05/2021,8,2,5,0,5,0,2
96,26/05/2021,8,1,5,8,8,6,8
95,24/05/2021,1,6,6,2,5,1,7
94,21/05/2021,1,9,7,6,0,1,0
93,19/05/2021,9,4,6,0,3,7,8
92,17/05/2021,3,2,6,7,4,1,5
91,14/05/2021,0,4,9,5,1,7,9
90,12/05/2021,4,0,1,1,2,7,4
89,10/05/2021,2,6,6,2,1,4,3
88,07/05/2021,1,0,8,9,4,9,6
87,05/05/2021,1,0,9,8,1,2,5
86,03/05/2021,1,2,2,6,6,9,5
85,30/04/2021,6,2,4,8,5,0,7
84,28/04/2021,3,8,6,3,1,5,2
83,26/04/2021,4,9,5,0,4,8,7
82,23/04/2021,5,9,3,3,6,6,7
81,19/04/2021,2,9,5,7,5,5,9
80,16/04/2021,9,6,9,4,5,9,0
79,14/04/2021,6,2,3,3,2,9,0
78,12/04/2021,9,2,3,6,7,7,4
77,09/04/2021,4,9,5,8,4,4,7
76,07/04/2021,1,2,3,7,1,9,7
75,05/04/2021,3,8,6,9,2,8,8
74,31/03/2021,4,2,2,4,8,8,4
73,29/03/2021,4,6,2,2,5,7,0
72,26/03/2021,1,4,1,5,8,2,5
71,24/03/2021,1,2,4,6,7,1,6
70,22/03/2021,8,5,1,8,4,6,4
69,19/03/2021,0,1,0,5,5,3,6
68,17/03/2021,4,2,6,5,8,4,5
67,15/03/2021,3,3,7,1,3,2,1
66,12/03/2021,8,6,8,9,9,5,0
65,10/03/2021,9,3,3,7,2,3,6
64,08/03/2021,6,1,3,5,1,9,4
63,05/03/2021,2,6,8,7,1,5,4
62,03/03/2021,3,3,3,0,4,7,8
61,01/03/2021,8,7,5,2,3,3,9
60,26/02/2021,1,2,1,6,6,9,5
59,24/02/2021,2,8,9,2,3,4,9
58,22/02/2021,4,0,3,9,5,2,3
57,19/02/2021,1,9,5,5,9,4,9
56,17/02/2021,6,8,7,5,1,7,3
55,12/02/2021,5,2,3,9,3,8,4
54,10/02/2021,2,0,2,1,3,8,2
53,08/02/2021,9,1,2,9,7,4,9
52,05/02/2021,5,1,3,9,8,0,0
51,03/02/2021,5,4,1,3,4,2,8
50,01/02/2021,0,4,5,8,6,0,6
49,29/01/2021,4,0,3,8,8,0,4
48,27/01/2021,4,0,3,0,7,9,1
47,25/01/2021,7,9,8,0,0,8,1
46,22/01/2021,9,3,7,3,6,5,2
45,20/01/2021,1,7,1,7,9,4,7
44,18/01/2021,3,5,9,8,2,5,3
43,15/01/2021,8,1,4,4,6,4,7
42,13/01/2021,5,8,4,3,5,1,7
41,11/01/2021,3,3,7,5,0,2,1
40,08/01/2021,1,1,9,0,4,4,4
39,06/01/2021,9,1,2,7,6,8,5
38,04/01/2021,9,2,2,6,2,5,5
37,30/12/2020,0,7,8,3,6,2,4
36,28/12/2020,9,5,1,6,0,8,1
35,26/12/2020,4,4,7,6,0,4,2
34,23/12/2020,4,1,0,5,2,3,6
33,21/12/2020,1,8,3,6,2,2,2
32,18/12/2020,6,2,9,0,9,7,8
31,16/12/2020,4,1,5,5,3,5,6
30,14/12/2020,2,1,1,6,8,6,7
29,11/12/2020,5,0,7,2,9,9,0
28,09/12/2020,3,3,4,6,9,6,3
27,07/12/2020,7,9,8,6,1,1,6
26,04/12/2020,9,5,2,1,5,9,0
25,02/12/2020,8,4,8,9,5,0,8
24,30/11/2020,6,9,5,9,2,1,5
23,27/11/2020,0,7,5,5,4,7,0
22,25/11/2020,8,2,1,1,8,9,4
21,23/11/2020,7,8,7,9,9,8,8
20,20/11/2020,4,9,3,9,8,1,3
19,18/11/2020,0,0,0,1,4,3,3
18,16/11/2020,3,8,2,4,8,6,8
17,13/11/2020,3,8,2,3,5,8,6
16,11/11/2020,5,7,2,6,9,4,4
15,09/11/2020,3,6,8,1,7,9,9
14,06/11/2020,7,4,0,9,4,7,4
13,04/11/2020,3,9,9,7,4,6,0
12,30/10/2020,3,0,3,2,8,9,0
11,28/10/2020,6,0,7,5,6,0,9
10,26/10/2020,8,9,9,2,9,6,5
9,23/10/2020,8,6,2,0,2,6,7
8,21/10/2020,7,0,9,2,0,2,5
7,19/10/2020,0,7,7,6,4,4,9
6,16/10/2020,5,7,3,3,4,1,1
5,14/10/2020,6,4,0,1,0,6,9
4,09/10/2020,5,7,8,1,8,2,5
3,07/10/2020,7,2,6,6,5,4,4
2,05/10/2020,8,8,1,5,6,7,7
1,02/10/2020,2,9,9,8,7,7,6
